"reef","country","year","season","complex","total","disease","SEB","BB","BrB","WS","GA","AN","plastic"
"10","Myanmar",2016,"Spring","Branching",147,12,0,7,0,3,2,0,0
"11","Myanmar",2016,"Spring","Branching",197,23,3,13,1,2,2,2,0
"12","Myanmar",2016,"Spring","Branching",232,0,0,0,0,0,0,0,0
"13","Myanmar",2016,"Spring","Branching",6,0,0,0,0,0,0,0,0
"15a-b","Myanmar",2016,"Spring","Branching",3,0,0,0,0,0,0,0,0
"16","Myanmar",2016,"Spring","Branching",5,0,0,0,0,0,0,0,0
"17","Myanmar",2016,"Spring","Branching",7,0,0,0,0,0,0,0,0
"18","Myanmar",2016,"Spring","Branching",19,5,2,0,0,3,0,0,3
"2","Myanmar",2016,"Spring","Branching",4,0,0,0,0,0,0,0,0
"20","Myanmar",2016,"Spring","Branching",1,0,0,0,0,0,0,0,0
"21a-b","Myanmar",2016,"Spring","Branching",125,0,0,0,0,0,0,0,0
"27a-b","Myanmar",2016,"Spring","Branching",51,14,0,0,2,12,0,0,6
"28","Myanmar",2016,"Spring","Branching",5,0,0,0,0,0,0,0,0
"3","Myanmar",2016,"Spring","Branching",16,0,0,0,0,0,0,0,0
"4","Myanmar",2016,"Spring","Branching",1,0,0,0,0,0,0,0,0
"6","Myanmar",2016,"Spring","Branching",97,0,0,0,0,0,0,0,0
"7","Myanmar",2016,"Spring","Branching",3,0,0,0,0,0,0,0,0
"9","Myanmar",2016,"Spring","Branching",115,18,1,9,0,8,0,0,0
"10","Myanmar",2016,"Spring","Massive",5,2,0,0,0,2,0,0,0
"11","Myanmar",2016,"Spring","Massive",18,8,0,0,0,2,0,6,0
"12","Myanmar",2016,"Spring","Massive",5,0,0,0,0,0,0,0,0
"13","Myanmar",2016,"Spring","Massive",30,7,0,0,0,6,1,0,0
"15a-b","Myanmar",2016,"Spring","Massive",89,18,0,0,0,18,0,0,0
"16","Myanmar",2016,"Spring","Massive",99,4,0,0,0,3,0,1,0
"17","Myanmar",2016,"Spring","Massive",50,3,0,0,0,2,1,0,0
"18","Myanmar",2016,"Spring","Massive",61,1,0,0,0,1,0,0,0
"19","Myanmar",2016,"Spring","Massive",51,4,0,0,0,3,1,0,0
"2","Myanmar",2016,"Spring","Massive",16,0,0,0,0,0,0,0,0
"20","Myanmar",2016,"Spring","Massive",48,1,0,0,0,1,0,0,0
"21a-b","Myanmar",2016,"Spring","Massive",141,2,0,0,0,2,0,0,0
"27a-b","Myanmar",2016,"Spring","Massive",112,16,0,0,0,14,1,1,0
"28","Myanmar",2016,"Spring","Massive",54,7,0,0,0,7,0,0,0
"3","Myanmar",2016,"Spring","Massive",23,1,0,0,0,0,1,0,0
"4","Myanmar",2016,"Spring","Massive",4,0,0,0,0,0,0,0,0
"6","Myanmar",2016,"Spring","Massive",66,2,0,0,0,2,0,0,0
"7","Myanmar",2016,"Spring","Massive",82,6,0,0,0,4,2,0,0
"9","Myanmar",2016,"Spring","Massive",31,0,0,0,0,0,0,0,0
"10","Myanmar",2016,"Spring","Tabular",3,0,0,0,0,0,0,0,0
"11","Myanmar",2016,"Spring","Tabular",1,0,0,0,0,0,0,0,0
"12","Myanmar",2016,"Spring","Tabular",6,0,0,0,0,0,0,0,0
"13","Myanmar",2016,"Spring","Tabular",1,1,0,0,0,1,0,0,0
"15a-b","Myanmar",2016,"Spring","Tabular",8,0,0,0,0,0,0,0,0
"16","Myanmar",2016,"Spring","Tabular",15,1,0,0,0,1,0,0,0
"17","Myanmar",2016,"Spring","Tabular",6,0,0,0,0,0,0,0,0
"18","Myanmar",2016,"Spring","Tabular",4,2,0,0,0,2,0,0,0
"19","Myanmar",2016,"Spring","Tabular",2,1,0,0,0,1,0,0,0
"2","Myanmar",2016,"Spring","Tabular",1,0,0,0,0,0,0,0,0
"20","Myanmar",2016,"Spring","Tabular",8,0,0,0,0,0,0,0,0
"21a-b","Myanmar",2016,"Spring","Tabular",4,0,0,0,0,0,0,0,0
"27a-b","Myanmar",2016,"Spring","Tabular",1,1,0,0,0,0,1,0,0
"3","Myanmar",2016,"Spring","Tabular",3,1,0,0,0,0,1,0,0
"6","Myanmar",2016,"Spring","Tabular",2,0,0,0,0,0,0,0,0
"7","Myanmar",2016,"Spring","Tabular",6,0,0,0,0,0,0,0,0
"9","Myanmar",2016,"Spring","Tabular",4,2,0,0,0,2,0,0,1
"B1","Australia",2012,"Summer","Branching",1864,72,30,9,16,2,15,0,0
"B2","Australia",2012,"Summer","Branching",27,0,0,0,0,0,0,0,0
"B3","Australia",2012,"Summer","Branching",77,0,0,0,0,0,0,0,0
"B4","Australia",2012,"Summer","Branching",134,0,0,0,0,0,0,0,0
"B5","Australia",2012,"Summer","Branching",1,0,0,0,0,0,0,0,0
"B6","Australia",2012,"Summer","Branching",148,0,0,0,0,0,0,0,0
"BL1","Australia",2012,"Summer","Branching",56,4,2,0,0,2,0,0,0
"BL2","Australia",2012,"Summer","Branching",70,2,2,0,0,0,0,0,0
"C1","Australia",2012,"Summer","Branching",146,1,1,0,0,0,0,0,0
"C2","Australia",2012,"Summer","Branching",386,1,1,0,0,0,0,0,0
"C3","Australia",2012,"Summer","Branching",2548,17,17,0,0,0,0,0,0
"C4","Australia",2012,"Summer","Branching",216,14,7,1,0,5,1,0,3
"C6","Australia",2012,"Summer","Branching",57,12,11,0,1,0,0,0,0
"D1","Australia",2012,"Summer","Branching",93,10,9,1,0,0,0,0,0
"DU1","Australia",2012,"Summer","Branching",327,4,4,0,0,0,0,0,0
"DU2","Australia",2012,"Summer","Branching",218,3,3,0,0,0,0,0,0
"E1","Australia",2012,"Summer","Branching",66,0,0,0,0,0,0,0,0
"HB1","Australia",2012,"Summer","Branching",251,9,6,1,0,2,0,0,0
"HB2","Australia",2012,"Summer","Branching",233,24,17,2,1,4,0,0,0
"HB3","Australia",2012,"Summer","Branching",309,15,8,7,0,0,0,0,0
"HB4","Australia",2012,"Summer","Branching",70,4,2,0,1,1,0,0,0
"HB5","Australia",2012,"Summer","Branching",442,11,8,0,3,0,0,0,0
"HB7","Australia",2012,"Summer","Branching",8002,125,65,29,9,22,0,0,41
"HE1","Australia",2012,"Summer","Branching",296,34,27,5,1,1,0,0,0
"HE2","Australia",2012,"Summer","Branching",204,24,13,5,5,1,0,0,2
"HE3","Australia",2012,"Summer","Branching",535,34,22,9,3,0,0,0,2
"HG1","Australia",2012,"Summer","Branching",782,3,3,0,0,0,0,0,0
"HG2","Australia",2012,"Summer","Branching",115,1,0,0,0,1,0,0,0
"HG3","Australia",2012,"Summer","Branching",477,9,7,1,1,0,0,0,1
"HG4","Australia",2012,"Summer","Branching",1318,11,8,1,0,2,0,0,0
"HG5","Australia",2012,"Summer","Branching",316,17,8,6,1,2,0,0,0
"HG7","Australia",2012,"Summer","Branching",476,27,16,11,0,0,0,0,2
"HW1","Australia",2012,"Summer","Branching",1195,3,1,1,0,1,0,0,0
"HW2","Australia",2012,"Summer","Branching",810,3,3,0,0,0,0,0,0
"HW3","Australia",2012,"Summer","Branching",120,4,4,0,0,0,0,0,0
"HY1","Australia",2012,"Summer","Branching",250,20,16,1,0,3,0,0,0
"HY2","Australia",2012,"Summer","Branching",444,50,34,11,0,5,0,0,0
"HY3","Australia",2012,"Summer","Branching",193,25,22,3,0,0,0,0,1
"L1","Australia",2012,"Summer","Branching",436,7,7,0,0,0,0,0,0
"OE2","Australia",2012,"Summer","Branching",8,2,1,1,0,0,0,0,0
"OE3","Australia",2012,"Summer","Branching",32,0,0,0,0,0,0,0,0
"OE4","Australia",2012,"Summer","Branching",17,0,0,0,0,0,0,0,0
"OE5","Australia",2012,"Summer","Branching",6,1,1,0,0,0,0,0,0
"OE6","Australia",2012,"Summer","Branching",73,0,0,0,0,0,0,0,0
"OS1","Australia",2012,"Summer","Branching",90,2,2,0,0,0,0,0,0
"OS2","Australia",2012,"Summer","Branching",39,0,0,0,0,0,0,0,0
"OS3","Australia",2012,"Summer","Branching",94,0,0,0,0,0,0,0,0
"OS4","Australia",2012,"Summer","Branching",280,1,1,0,0,0,0,0,0
"OS5","Australia",2012,"Summer","Branching",60,2,0,1,0,1,0,0,0
"OS6","Australia",2012,"Summer","Branching",17,0,0,0,0,0,0,0,0
"PE1","Australia",2012,"Summer","Branching",35,3,3,0,0,0,0,0,1
"PE2","Australia",2012,"Summer","Branching",28,0,0,0,0,0,0,0,0
"PE3","Australia",2012,"Summer","Branching",54,9,5,0,0,4,0,0,0
"PE4","Australia",2012,"Summer","Branching",34,9,9,0,0,0,0,0,2
"PE5","Australia",2012,"Summer","Branching",90,8,5,2,0,1,0,0,0
"PE6","Australia",2012,"Summer","Branching",38,5,5,0,0,0,0,0,0
"PS1","Australia",2012,"Summer","Branching",101,9,7,0,0,2,0,0,0
"PS2","Australia",2012,"Summer","Branching",624,38,25,7,0,6,0,0,0
"PS5","Australia",2012,"Summer","Branching",331,18,6,6,1,5,0,0,2
"PS6","Australia",2012,"Summer","Branching",62,4,3,1,0,0,0,0,0
"W1","Australia",2012,"Summer","Branching",263,29,18,9,1,0,1,0,0
"W2","Australia",2012,"Summer","Branching",323,3,1,0,0,2,0,0,0
"W3","Australia",2012,"Summer","Branching",77,2,1,0,0,1,0,0,0
"W4","Australia",2012,"Summer","Branching",35,2,2,0,0,0,0,0,0
"W5","Australia",2012,"Summer","Branching",454,13,12,0,0,1,0,0,0
"W8","Australia",2012,"Summer","Branching",453,31,21,9,0,1,0,0,0
"W9","Australia",2012,"Summer","Branching",874,72,52,18,1,1,0,0,0
"B1","Australia",2012,"Summer","Massive",74,0,0,0,0,0,0,0,0
"B2","Australia",2012,"Summer","Massive",10335,11,2,0,0,9,0,0,0
"B3","Australia",2012,"Summer","Massive",128,0,0,0,0,0,0,0,0
"B4","Australia",2012,"Summer","Massive",458,1,0,0,0,1,0,0,0
"B5","Australia",2012,"Summer","Massive",13154,13,7,0,0,6,0,0,0
"B6","Australia",2012,"Summer","Massive",402,0,0,0,0,0,0,0,0
"BL1","Australia",2012,"Summer","Massive",942,10,4,0,0,6,0,0,0
"BL2","Australia",2012,"Summer","Massive",734,9,5,0,0,4,0,0,0
"C1","Australia",2012,"Summer","Massive",947,8,1,0,0,7,0,0,1
"C2","Australia",2012,"Summer","Massive",526,8,3,0,0,5,0,0,0
"C3","Australia",2012,"Summer","Massive",612,2,2,0,0,0,0,0,0
"C4","Australia",2012,"Summer","Massive",241,22,10,4,0,7,1,0,2
"C6","Australia",2012,"Summer","Massive",167,6,3,0,0,3,0,0,0
"D1","Australia",2012,"Summer","Massive",538,30,16,0,0,12,0,2,0
"DU1","Australia",2012,"Summer","Massive",291,2,1,0,0,1,0,0,0
"DU2","Australia",2012,"Summer","Massive",531,0,0,0,0,0,0,0,0
"E1","Australia",2012,"Summer","Massive",619,2,0,1,0,1,0,0,0
"HB1","Australia",2012,"Summer","Massive",427,18,7,1,2,8,0,0,0
"HB2","Australia",2012,"Summer","Massive",548,29,7,12,1,8,0,1,1
"HB3","Australia",2012,"Summer","Massive",298,7,1,0,0,5,1,0,0
"HB4","Australia",2012,"Summer","Massive",366,12,1,1,1,7,1,1,0
"HB5","Australia",2012,"Summer","Massive",95,1,0,0,0,1,0,0,0
"HB7","Australia",2012,"Summer","Massive",118,7,3,2,0,2,0,0,0
"HE1","Australia",2012,"Summer","Massive",320,22,5,4,2,9,0,2,1
"HE2","Australia",2012,"Summer","Massive",389,17,6,3,2,6,0,0,0
"HE3","Australia",2012,"Summer","Massive",358,6,3,0,0,2,0,1,0
"HG1","Australia",2012,"Summer","Massive",675,8,2,0,0,6,0,0,0
"HG2","Australia",2012,"Summer","Massive",508,4,0,0,0,4,0,0,0
"HG3","Australia",2012,"Summer","Massive",218,2,1,0,0,1,0,0,0
"HG4","Australia",2012,"Summer","Massive",243,7,5,0,0,2,0,0,0
"HG5","Australia",2012,"Summer","Massive",509,6,0,0,0,5,0,1,0
"HG7","Australia",2012,"Summer","Massive",591,2,1,0,0,1,0,0,1
"HW1","Australia",2012,"Summer","Massive",781,10,6,0,0,4,0,0,0
"HW2","Australia",2012,"Summer","Massive",496,6,3,0,0,3,0,0,0
"HW3","Australia",2012,"Summer","Massive",458,10,1,0,0,9,0,0,0
"HY1","Australia",2012,"Summer","Massive",375,16,6,2,0,6,2,0,0
"HY2","Australia",2012,"Summer","Massive",219,9,2,0,2,4,0,1,0
"HY3","Australia",2012,"Summer","Massive",452,14,4,0,0,10,0,0,1
"L1","Australia",2012,"Summer","Massive",458,11,2,0,0,8,1,0,0
"OE2","Australia",2012,"Summer","Massive",56,3,1,0,0,0,2,0,0
"OE3","Australia",2012,"Summer","Massive",75,0,0,0,0,0,0,0,0
"OE4","Australia",2012,"Summer","Massive",65,0,0,0,0,0,0,0,0
"OE5","Australia",2012,"Summer","Massive",28,0,0,0,0,0,0,0,0
"OE6","Australia",2012,"Summer","Massive",183,1,1,0,0,0,0,0,0
"OS1","Australia",2012,"Summer","Massive",805,10,1,0,1,8,0,0,1
"OS2","Australia",2012,"Summer","Massive",508,2,0,1,0,1,0,0,1
"OS3","Australia",2012,"Summer","Massive",351,5,0,0,0,5,0,0,0
"OS4","Australia",2012,"Summer","Massive",1093,1,1,0,0,0,0,0,0
"OS5","Australia",2012,"Summer","Massive",301,0,0,0,0,0,0,0,0
"OS6","Australia",2012,"Summer","Massive",99,0,0,0,0,0,0,0,0
"PE1","Australia",2012,"Summer","Massive",155,6,2,1,0,2,1,0,0
"PE2","Australia",2012,"Summer","Massive",109,21,12,5,2,1,1,0,0
"PE3","Australia",2012,"Summer","Massive",201,28,5,2,0,21,0,0,0
"PE4","Australia",2012,"Summer","Massive",66,3,1,1,0,1,0,0,0
"PE5","Australia",2012,"Summer","Massive",197,14,7,4,2,1,0,0,0
"PE6","Australia",2012,"Summer","Massive",82,2,1,1,0,0,0,0,0
"PS1","Australia",2012,"Summer","Massive",121,7,5,1,0,1,0,0,0
"PS2","Australia",2012,"Summer","Massive",343,27,11,2,0,14,0,0,2
"PS5","Australia",2012,"Summer","Massive",168,20,7,3,0,8,2,0,0
"PS6","Australia",2012,"Summer","Massive",147,17,0,2,0,15,0,0,0
"W1","Australia",2012,"Summer","Massive",324,8,1,1,0,6,0,0,0
"W2","Australia",2012,"Summer","Massive",487,9,4,1,0,4,0,0,0
"W3","Australia",2012,"Summer","Massive",310,8,0,1,0,7,0,0,0
"W4","Australia",2012,"Summer","Massive",304,5,0,0,0,5,0,0,0
"W5","Australia",2012,"Summer","Massive",11005,29,8,0,0,21,0,0,0
"W8","Australia",2012,"Summer","Massive",533,16,9,1,0,6,0,0,0
"W9","Australia",2012,"Summer","Massive",304,17,3,1,0,13,0,0,0
"B1","Australia",2012,"Summer","Tabular",11,1,1,0,0,0,0,0,0
"B2","Australia",2012,"Summer","Tabular",4,0,0,0,0,0,0,0,0
"B4","Australia",2012,"Summer","Tabular",2,0,0,0,0,0,0,0,0
"B6","Australia",2012,"Summer","Tabular",17,3,2,0,0,1,0,0,0
"BL1","Australia",2012,"Summer","Tabular",17,0,0,0,0,0,0,0,0
"BL2","Australia",2012,"Summer","Tabular",21,2,2,0,0,0,0,0,0
"C1","Australia",2012,"Summer","Tabular",4,2,2,0,0,0,0,0,0
"C3","Australia",2012,"Summer","Tabular",7,0,0,0,0,0,0,0,0
"C4","Australia",2012,"Summer","Tabular",2,0,0,0,0,0,0,0,0
"C6","Australia",2012,"Summer","Tabular",2,0,0,0,0,0,0,0,0
"D1","Australia",2012,"Summer","Tabular",1,0,0,0,0,0,0,0,0
"DU1","Australia",2012,"Summer","Tabular",2,0,0,0,0,0,0,0,0
"DU2","Australia",2012,"Summer","Tabular",19,0,0,0,0,0,0,0,0
"E1","Australia",2012,"Summer","Tabular",9,0,0,0,0,0,0,0,0
"HB1","Australia",2012,"Summer","Tabular",18,0,0,0,0,0,0,0,0
"HB2","Australia",2012,"Summer","Tabular",25,2,1,0,1,0,0,0,0
"HB4","Australia",2012,"Summer","Tabular",9,0,0,0,0,0,0,0,0
"HB7","Australia",2012,"Summer","Tabular",3,2,1,0,1,0,0,0,0
"HE1","Australia",2012,"Summer","Tabular",24,1,0,1,0,0,0,0,0
"HE2","Australia",2012,"Summer","Tabular",25,4,3,1,0,0,0,0,0
"HE3","Australia",2012,"Summer","Tabular",42,2,0,2,0,0,0,0,0
"HG1","Australia",2012,"Summer","Tabular",16,1,0,1,0,0,0,0,0
"HG2","Australia",2012,"Summer","Tabular",16,0,0,0,0,0,0,0,0
"HG3","Australia",2012,"Summer","Tabular",27,0,0,0,0,0,0,0,0
"HG4","Australia",2012,"Summer","Tabular",6,1,0,0,0,1,0,0,0
"HG5","Australia",2012,"Summer","Tabular",38,2,0,2,0,0,0,0,0
"HG7","Australia",2012,"Summer","Tabular",3,0,0,0,0,0,0,0,0
"HW1","Australia",2012,"Summer","Tabular",41,0,0,0,0,0,0,0,0
"HW2","Australia",2012,"Summer","Tabular",13,0,0,0,0,0,0,0,0
"HW3","Australia",2012,"Summer","Tabular",9,1,1,0,0,0,0,0,0
"HY1","Australia",2012,"Summer","Tabular",24,3,3,0,0,0,0,0,0
"HY2","Australia",2012,"Summer","Tabular",9,2,0,1,0,1,0,0,0
"HY3","Australia",2012,"Summer","Tabular",18,4,2,0,0,2,0,0,1
"L1","Australia",2012,"Summer","Tabular",25,4,4,0,0,0,0,0,0
"OE3","Australia",2012,"Summer","Tabular",3,0,0,0,0,0,0,0,0
"OE6","Australia",2012,"Summer","Tabular",1,1,0,1,0,0,0,0,0
"OS1","Australia",2012,"Summer","Tabular",3,0,0,0,0,0,0,0,0
"OS2","Australia",2012,"Summer","Tabular",1,0,0,0,0,0,0,0,0
"OS3","Australia",2012,"Summer","Tabular",1,0,0,0,0,0,0,0,0
"OS5","Australia",2012,"Summer","Tabular",2,0,0,0,0,0,0,0,0
"OS6","Australia",2012,"Summer","Tabular",1,0,0,0,0,0,0,0,0
"PE1","Australia",2012,"Summer","Tabular",3,0,0,0,0,0,0,0,0
"PE2","Australia",2012,"Summer","Tabular",3,0,0,0,0,0,0,0,0
"PE3","Australia",2012,"Summer","Tabular",4,0,0,0,0,0,0,0,0
"PE4","Australia",2012,"Summer","Tabular",1,0,0,0,0,0,0,0,0
"PE5","Australia",2012,"Summer","Tabular",7,2,1,0,1,0,0,0,0
"PS1","Australia",2012,"Summer","Tabular",2,0,0,0,0,0,0,0,0
"PS5","Australia",2012,"Summer","Tabular",3,0,0,0,0,0,0,0,0
"W1","Australia",2012,"Summer","Tabular",12,1,1,0,0,0,0,0,0
"W2","Australia",2012,"Summer","Tabular",2,1,0,0,0,1,0,0,0
"W3","Australia",2012,"Summer","Tabular",17,2,2,0,0,0,0,0,0
"W4","Australia",2012,"Summer","Tabular",13,0,0,0,0,0,0,0,0
"W8","Australia",2012,"Summer","Tabular",14,3,1,1,0,0,1,0,0
"W9","Australia",2012,"Summer","Tabular",12,1,1,0,0,0,0,0,0
"Ao Mao","Thailand",2011,"Autumn","Branching",98,0,0,0,0,0,0,0,0
"Aow Leuk Bay","Thailand",2011,"Autumn","Branching",83,7,6,0,0,1,0,0,0
"Aow Leuk Bay North control","Thailand",2011,"Autumn","Branching",23,6,6,0,0,0,0,0,0
"Hin Hgaam","Thailand",2011,"Autumn","Branching",102,23,21,0,1,1,0,0,22
"Hin Wong","Thailand",2011,"Autumn","Branching",364,7,7,0,0,0,0,0,0
"Japanese Gardens","Thailand",2011,"Autumn","Branching",410,22,14,0,0,4,4,0,0
"Laem Hin Saam Gon","Thailand",2011,"Autumn","Branching",142,0,0,0,0,0,0,0,0
"Mango Bay West","Thailand",2011,"Autumn","Branching",66,0,0,0,0,0,0,0,0
"Sairee Beach","Thailand",2011,"Autumn","Branching",115,4,2,0,0,2,0,0,0
"Twins","Thailand",2011,"Autumn","Branching",351,20,19,0,0,0,1,0,0
"Ao Mao","Thailand",2011,"Autumn","Massive",584,30,27,0,0,1,2,0,0
"Aow Leuk Bay","Thailand",2011,"Autumn","Massive",506,51,18,0,0,30,3,0,0
"Aow Leuk Bay North control","Thailand",2011,"Autumn","Massive",310,27,15,1,0,7,4,0,0
"Hin Hgaam","Thailand",2011,"Autumn","Massive",529,114,65,1,3,45,0,0,17
"Hin Wong","Thailand",2011,"Autumn","Massive",283,15,13,0,0,1,1,0,0
"Japanese Gardens","Thailand",2011,"Autumn","Massive",188,30,15,0,0,12,3,0,0
"Laem Hin Saam Gon","Thailand",2011,"Autumn","Massive",884,8,6,0,0,2,0,0,0
"Mango Bay West","Thailand",2011,"Autumn","Massive",561,33,12,0,0,20,1,0,0
"Sairee Beach","Thailand",2011,"Autumn","Massive",377,54,6,0,0,48,0,0,0
"Twins","Thailand",2011,"Autumn","Massive",678,58,42,0,0,16,0,0,0
"Ao Mao","Thailand",2011,"Autumn","Tabular",2,0,0,0,0,0,0,0,0
"Aow Leuk Bay","Thailand",2011,"Autumn","Tabular",8,3,2,0,0,1,0,0,0
"Aow Leuk Bay North control","Thailand",2011,"Autumn","Tabular",8,0,0,0,0,0,0,0,0
"Hin Hgaam","Thailand",2011,"Autumn","Tabular",31,15,11,0,3,1,0,0,13
"Hin Wong","Thailand",2011,"Autumn","Tabular",6,0,0,0,0,0,0,0,0
"Japanese Gardens","Thailand",2011,"Autumn","Tabular",2,1,1,0,0,0,0,0,0
"Laem Hin Saam Gon","Thailand",2011,"Autumn","Tabular",5,0,0,0,0,0,0,0,0
"Sairee Beach","Thailand",2011,"Autumn","Tabular",2,2,0,0,0,2,0,0,0
"Twins","Thailand",2011,"Autumn","Tabular",1,1,1,0,0,0,0,0,0
"GK1","Australia",2013,"Autumn","Branching",1803,5,0,1,0,3,1,0,0
"GK2","Australia",2013,"Autumn","Branching",81,19,7,9,0,3,0,0,0
"GK3","Australia",2013,"Autumn","Branching",1253,11,2,9,0,0,0,0,0
"GK4","Australia",2013,"Autumn","Branching",422,11,3,5,3,0,0,0,1
"GK5","Australia",2013,"Autumn","Branching",5,0,0,0,0,0,0,0,0
"GK6","Australia",2013,"Autumn","Branching",612,7,0,5,0,2,0,0,0
"GK7","Australia",2013,"Autumn","Branching",334,16,1,0,2,13,0,0,0
"GK8","Australia",2013,"Autumn","Branching",177,2,1,1,0,0,0,0,0
"GK9","Australia",2013,"Autumn","Branching",1474,5,1,3,0,1,0,0,0
"H1","Australia",2013,"Autumn","Branching",347,13,7,6,0,0,0,0,0
"H2","Australia",2013,"Autumn","Branching",272,12,2,3,0,7,0,0,0
"H3","Australia",2013,"Autumn","Branching",104,6,2,0,0,4,0,0,0
"M1","Australia",2013,"Autumn","Branching",346,21,4,6,0,11,0,0,0
"M2","Australia",2013,"Autumn","Branching",148,0,0,0,0,0,0,0,0
"M3","Australia",2013,"Autumn","Branching",1046,12,1,6,0,5,0,0,0
"M4","Australia",2013,"Autumn","Branching",1042,3,2,1,0,0,0,0,0
"MI2","Australia",2013,"Autumn","Branching",10,0,0,0,0,0,0,0,0
"NK1","Australia",2013,"Autumn","Branching",20,1,0,0,0,1,0,0,0
"NK3","Australia",2013,"Autumn","Branching",430,21,1,1,0,19,0,0,0
"NK5","Australia",2013,"Autumn","Branching",32,2,0,2,0,0,0,0,0
"NK8","Australia",2013,"Autumn","Branching",205,17,4,7,0,6,0,0,2
"GK1","Australia",2013,"Autumn","Massive",50,0,0,0,0,0,0,0,0
"GK2","Australia",2013,"Autumn","Massive",98,2,1,0,0,1,0,0,0
"GK3","Australia",2013,"Autumn","Massive",3,0,0,0,0,0,0,0,0
"GK4","Australia",2013,"Autumn","Massive",177,0,0,0,0,0,0,0,0
"GK5","Australia",2013,"Autumn","Massive",4,0,0,0,0,0,0,0,0
"GK6","Australia",2013,"Autumn","Massive",6,0,0,0,0,0,0,0,0
"GK7","Australia",2013,"Autumn","Massive",30,1,0,0,0,1,0,0,0
"GK8","Australia",2013,"Autumn","Massive",100,0,0,0,0,0,0,0,0
"GK9","Australia",2013,"Autumn","Massive",6,0,0,0,0,0,0,0,0
"H1","Australia",2013,"Autumn","Massive",104,0,0,0,0,0,0,0,0
"H2","Australia",2013,"Autumn","Massive",145,0,0,0,0,0,0,0,0
"H3","Australia",2013,"Autumn","Massive",11,1,0,0,0,1,0,0,0
"M2","Australia",2013,"Autumn","Massive",26,0,0,0,0,0,0,0,0
"M3","Australia",2013,"Autumn","Massive",7,1,0,0,0,1,0,0,0
"MI2","Australia",2013,"Autumn","Massive",167,2,0,0,0,2,0,0,0
"NK1","Australia",2013,"Autumn","Massive",29,0,0,0,0,0,0,0,0
"NK3","Australia",2013,"Autumn","Massive",29,0,0,0,0,0,0,0,0
"NK5","Australia",2013,"Autumn","Massive",257,3,0,0,0,3,0,0,0
"NK8","Australia",2013,"Autumn","Massive",119,1,0,0,0,1,0,0,0
"GK1","Australia",2013,"Autumn","Tabular",30,1,0,1,0,0,0,0,0
"GK2","Australia",2013,"Autumn","Tabular",16,3,2,0,0,1,0,0,0
"GK4","Australia",2013,"Autumn","Tabular",14,0,0,0,0,0,0,0,1
"GK7","Australia",2013,"Autumn","Tabular",8,0,0,0,0,0,0,0,0
"GK8","Australia",2013,"Autumn","Tabular",57,2,2,0,0,0,0,0,0
"GK9","Australia",2013,"Autumn","Tabular",11,1,0,1,0,0,0,0,0
"H1","Australia",2013,"Autumn","Tabular",47,0,0,0,0,0,0,0,0
"H2","Australia",2013,"Autumn","Tabular",40,1,1,0,0,0,0,0,0
"H3","Australia",2013,"Autumn","Tabular",4,0,0,0,0,0,0,0,0
"M4","Australia",2013,"Autumn","Tabular",1,0,0,0,0,0,0,0,0
"NK1","Australia",2013,"Autumn","Tabular",1,0,0,0,0,0,0,0,0
"NK3","Australia",2013,"Autumn","Tabular",1,0,0,0,0,0,0,0,0
"NK5","Australia",2013,"Autumn","Tabular",28,2,0,1,0,1,0,0,0
"NK8","Australia",2013,"Autumn","Tabular",14,0,0,0,0,0,0,0,0
"4135","Indonesia",2013,"Winter","Branching",26,3,2,0,0,1,0,0,3
"4317","Indonesia",2013,"Winter","Branching",149,8,2,0,0,3,3,0,3
"4346","Indonesia",2013,"Winter","Branching",19,0,0,0,0,0,0,0,0
"Bali","Indonesia",2013,"Winter","Branching",70,2,0,0,0,0,2,0,0
"Bali Fished","Indonesia",2013,"Winter","Branching",84,9,1,0,0,1,7,0,1
"Ceningan Point","Indonesia",2013,"Winter","Branching",92,1,1,0,0,0,0,0,0
"Ceningan Wall","Indonesia",2013,"Winter","Branching",207,13,0,1,0,0,12,0,2
"Crystal Bay","Indonesia",2013,"Winter","Branching",146,32,15,5,0,6,6,0,25
"Eco Resort","Indonesia",2013,"Winter","Branching",178,7,6,0,0,0,1,0,4
"Jam Island","Indonesia",2013,"Winter","Branching",501,40,28,0,0,1,11,0,12
"Kapopoang Fished","Indonesia",2013,"Winter","Branching",973,28,3,0,0,0,25,0,1
"Mangrove Point","Indonesia",2013,"Winter","Branching",490,44,39,1,0,1,3,0,5
"Pad","Indonesia",2013,"Winter","Branching",95,0,0,0,0,0,0,0,0
"Papandangan Fished","Indonesia",2013,"Winter","Branching",38,1,0,0,0,0,1,0,0
"Pele","Indonesia",2013,"Winter","Branching",174,9,4,0,0,2,3,0,3
"Pele North","Indonesia",2013,"Winter","Branching",173,10,7,0,0,1,2,0,6
"SD","Indonesia",2013,"Winter","Branching",276,10,10,0,0,0,0,0,0
"Sental","Indonesia",2013,"Winter","Branching",404,13,9,0,0,1,3,0,5
"Tienjung","Indonesia",2013,"Winter","Branching",86,4,2,0,0,0,2,0,1
"Toyapekaha","Indonesia",2013,"Winter","Branching",396,20,16,0,0,1,3,0,6
"Turtle Point","Indonesia",2013,"Winter","Branching",164,9,1,0,0,0,8,0,1
"Waaf","Indonesia",2013,"Winter","Branching",79,5,0,1,0,3,1,0,4
"Wagil Baton Island","Indonesia",2013,"Winter","Branching",20,2,0,0,0,0,2,0,0
"4135","Indonesia",2013,"Winter","Massive",98,6,0,1,0,5,0,0,0
"4317","Indonesia",2013,"Winter","Massive",166,2,0,0,0,2,0,0,0
"4346","Indonesia",2013,"Winter","Massive",190,3,0,0,0,2,1,0,0
"Bali","Indonesia",2013,"Winter","Massive",740,24,0,3,0,1,20,0,1
"Bali Fished","Indonesia",2013,"Winter","Massive",919,35,3,3,1,12,16,0,17
"Ceningan Point","Indonesia",2013,"Winter","Massive",164,4,1,0,0,2,1,0,0
"Ceningan Wall","Indonesia",2013,"Winter","Massive",166,5,0,2,0,0,3,0,0
"Crystal Bay","Indonesia",2013,"Winter","Massive",73,7,1,0,0,3,3,0,0
"Eco Resort","Indonesia",2013,"Winter","Massive",165,6,0,0,0,1,5,0,0
"Jam Island","Indonesia",2013,"Winter","Massive",111,1,1,0,0,0,0,0,0
"Kapopoang Fished","Indonesia",2013,"Winter","Massive",54,0,0,0,0,0,0,0,0
"Mangrove Point","Indonesia",2013,"Winter","Massive",17,0,0,0,0,0,0,0,0
"Pad","Indonesia",2013,"Winter","Massive",109,0,0,0,0,0,0,0,0
"Papandangan Fished","Indonesia",2013,"Winter","Massive",348,6,0,0,0,1,5,0,0
"Pele","Indonesia",2013,"Winter","Massive",53,0,0,0,0,0,0,0,0
"Pele North","Indonesia",2013,"Winter","Massive",116,5,0,0,0,3,2,0,0
"SD","Indonesia",2013,"Winter","Massive",42,2,2,0,0,0,0,0,2
"Sental","Indonesia",2013,"Winter","Massive",37,0,0,0,0,0,0,0,0
"Tienjung","Indonesia",2013,"Winter","Massive",390,37,0,0,0,3,34,0,0
"Toyapekaha","Indonesia",2013,"Winter","Massive",108,1,0,0,0,1,0,0,1
"Turtle Point","Indonesia",2013,"Winter","Massive",352,17,1,0,0,0,16,0,0
"Waaf","Indonesia",2013,"Winter","Massive",320,16,0,0,0,10,6,0,9
"Wagil Baton Island","Indonesia",2013,"Winter","Massive",79,4,0,0,0,2,2,0,0
"4135","Indonesia",2013,"Winter","Tabular",14,1,1,0,0,0,0,0,1
"4317","Indonesia",2013,"Winter","Tabular",30,0,0,0,0,0,0,0,0
"4346","Indonesia",2013,"Winter","Tabular",20,0,0,0,0,0,0,0,0
"Bali","Indonesia",2013,"Winter","Tabular",3,0,0,0,0,0,0,0,0
"Bali Fished","Indonesia",2013,"Winter","Tabular",5,0,0,0,0,0,0,0,0
"Ceningan Point","Indonesia",2013,"Winter","Tabular",66,2,1,0,0,1,0,0,1
"Ceningan Wall","Indonesia",2013,"Winter","Tabular",8,0,0,0,0,0,0,0,1
"Crystal Bay","Indonesia",2013,"Winter","Tabular",17,0,0,0,0,0,0,0,6
"Eco Resort","Indonesia",2013,"Winter","Tabular",12,2,0,0,0,1,1,0,0
"Jam Island","Indonesia",2013,"Winter","Tabular",82,0,0,0,0,0,0,0,0
"Kapopoang Fished","Indonesia",2013,"Winter","Tabular",4,0,0,0,0,0,0,0,0
"Mangrove Point","Indonesia",2013,"Winter","Tabular",2,0,0,0,0,0,0,0,0
"Pad","Indonesia",2013,"Winter","Tabular",1,0,0,0,0,0,0,0,0
"Papandangan Fished","Indonesia",2013,"Winter","Tabular",8,0,0,0,0,0,0,0,0
"Pele","Indonesia",2013,"Winter","Tabular",19,3,1,0,0,0,2,0,1
"Pele North","Indonesia",2013,"Winter","Tabular",22,0,0,0,0,0,0,0,0
"Sental","Indonesia",2013,"Winter","Tabular",1,0,0,0,0,0,0,0,0
"Tienjung","Indonesia",2013,"Winter","Tabular",4,0,0,0,0,0,0,0,0
"Turtle Point","Indonesia",2013,"Winter","Tabular",5,0,0,0,0,0,0,0,0
"Waaf","Indonesia",2013,"Winter","Tabular",3,0,0,0,0,0,0,0,0
"124","Myanmar",2014,"Winter","Branching",3,0,0,0,0,0,0,0,0
"125","Myanmar",2014,"Winter","Branching",50,5,0,1,0,4,0,0,0
"126","Myanmar",2014,"Winter","Branching",10,0,0,0,0,0,0,0,0
"127","Myanmar",2014,"Winter","Branching",56,3,0,1,0,2,0,0,0
"129","Myanmar",2014,"Winter","Branching",24,0,0,0,0,0,0,0,0
"130","Myanmar",2014,"Winter","Branching",23,0,0,0,0,0,0,0,0
"131","Myanmar",2014,"Winter","Branching",810,59,0,0,0,59,0,0,0
"133","Myanmar",2014,"Winter","Branching",9,0,0,0,0,0,0,0,0
"136","Myanmar",2014,"Winter","Branching",581,130,0,128,2,0,0,0,37
"137","Myanmar",2014,"Winter","Branching",28,3,0,0,0,3,0,0,0
"138","Myanmar",2014,"Winter","Branching",37,0,0,0,0,0,0,0,0
"139","Myanmar",2014,"Winter","Branching",1,0,0,0,0,0,0,0,0
"143","Myanmar",2014,"Winter","Branching",186,2,0,2,0,0,0,0,0
"144","Myanmar",2014,"Winter","Branching",749,0,0,0,0,0,0,0,0
"145","Myanmar",2014,"Winter","Branching",82,0,0,0,0,0,0,0,0
"146","Myanmar",2014,"Winter","Branching",21,0,0,0,0,0,0,0,0
"148","Myanmar",2014,"Winter","Branching",29,5,2,1,0,2,0,0,3
"149","Myanmar",2014,"Winter","Branching",493,2,0,2,0,0,0,0,0
"150","Myanmar",2014,"Winter","Branching",8,0,0,0,0,0,0,0,0
"124","Myanmar",2014,"Winter","Massive",5,0,0,0,0,0,0,0,0
"125","Myanmar",2014,"Winter","Massive",136,6,0,5,0,0,0,1,4
"126","Myanmar",2014,"Winter","Massive",181,11,0,5,0,6,0,0,1
"127","Myanmar",2014,"Winter","Massive",39,2,0,0,0,2,0,0,0
"129","Myanmar",2014,"Winter","Massive",110,14,1,0,0,12,0,1,0
"130","Myanmar",2014,"Winter","Massive",329,1,0,0,0,1,0,0,0
"131","Myanmar",2014,"Winter","Massive",43,15,0,1,0,14,0,0,1
"133","Myanmar",2014,"Winter","Massive",233,2,0,1,0,1,0,0,1
"136","Myanmar",2014,"Winter","Massive",34,2,0,1,0,1,0,0,1
"137","Myanmar",2014,"Winter","Massive",177,28,0,5,0,23,0,0,6
"138","Myanmar",2014,"Winter","Massive",114,8,2,2,0,3,1,0,2
"139","Myanmar",2014,"Winter","Massive",271,17,0,6,0,10,1,0,3
"143","Myanmar",2014,"Winter","Massive",330,0,0,0,0,0,0,0,0
"144","Myanmar",2014,"Winter","Massive",859,0,0,0,0,0,0,0,0
"145","Myanmar",2014,"Winter","Massive",396,5,4,1,0,0,0,0,5
"146","Myanmar",2014,"Winter","Massive",399,0,0,0,0,0,0,0,0
"148","Myanmar",2014,"Winter","Massive",103,22,3,1,1,15,2,0,4
"149","Myanmar",2014,"Winter","Massive",65,1,0,1,0,0,0,0,1
"150","Myanmar",2014,"Winter","Massive",118,3,0,1,0,1,1,0,0
"125","Myanmar",2014,"Winter","Tabular",19,0,0,0,0,0,0,0,0
"126","Myanmar",2014,"Winter","Tabular",4,1,0,1,0,0,0,0,0
"129","Myanmar",2014,"Winter","Tabular",6,2,1,0,0,1,0,0,1
"130","Myanmar",2014,"Winter","Tabular",4,0,0,0,0,0,0,0,0
"133","Myanmar",2014,"Winter","Tabular",2,0,0,0,0,0,0,0,0
"136","Myanmar",2014,"Winter","Tabular",18,1,0,0,0,1,0,0,0
"137","Myanmar",2014,"Winter","Tabular",6,0,0,0,0,0,0,0,0
"138","Myanmar",2014,"Winter","Tabular",3,0,0,0,0,0,0,0,0
"139","Myanmar",2014,"Winter","Tabular",2,0,0,0,0,0,0,0,0
"143","Myanmar",2014,"Winter","Tabular",43,0,0,0,0,0,0,0,0
"145","Myanmar",2014,"Winter","Tabular",20,0,0,0,0,0,0,0,0
"146","Myanmar",2014,"Winter","Tabular",17,0,0,0,0,0,0,0,0
"148","Myanmar",2014,"Winter","Tabular",12,5,1,1,1,2,0,0,3
"149","Myanmar",2014,"Winter","Tabular",12,0,0,0,0,0,0,0,0
