"","tmin","tmedian","tmax","pmin","pmedian","pmax","daysZeroP","daysT20","daysBoth","area","slopedir","relief","soiltxt","soiltype","altitude","age","slopegrad","nobs","ratio"
"1",-1026,947,2621,0,38.5,4854,358,83,48,"Black Forest","S"," middle slope"," clay"," rendzina soil",430,60,50,5,0.17
"2",-1075,876,2581,0,35,5932,368,63,41,"Black Forest","W"," middle slope"," silty clay"," para-brown earth ",510,150,15,1,0.05
"3",-1010,963,2675,0,35.5,4647,346,94,50,"Rhine area","S-W"," plain, plateau "," silt"," pelosol",450,110,10,5,0.25
"4",-1028,956,2663,0,30.5,4661,368,92,52,"Black Forest","plateau"," plain, plateau "," silt"," brown (forest) soil  ",450,90,0,12,0.2125
"5",-1100,707,2475,0,64,5956,339,33,19,"Black Forest","N-E"," middle slope"," silt"," brown (forest) soil  ",790,32,55,22,0.134090909090909
"6",-1041,921,2602,0,32.5,4706,370,84,43,"Black Forest","N-W"," lower slope"," sand"," brown (forest) soil  ",390,35,35,5,0.07
"7",-1104,771,2415,0,46,5640,365,44,26,"Black Forest","W"," middle slope"," sand"," brown (forest) soil  ",650,130,70,18,0.575
"8",-1110,633,2355,0,64,6929,346,18,14,"Black Forest","S-W"," valley bottom, dip"," sand"," brown (forest) soil  ",1000,130,25,13,0.342307692307692
"9",-1097,724,2540,0,48.5,6912,351,38,26,"Black Forest","N-E"," lower slope"," sand"," brown (forest) soil  ",700,65,40,9,0.155555555555556
"10",-1046,937,2686,0,32,6954,376,79,50,"Black Forest","plateau"," plain, plateau "," silt"," brown (forest) soil  ",315,110,0,2,0.25
"11",-1061,811,2520,0,50.5,5417,345,51,26,"Black Forest","S-E"," middle slope"," silt"," brown (forest) soil  ",640,70,60,4,0.3125
"12",-1084,712,2371,0,62,6572,343,30,20,"Black Forest","S-W"," middle slope"," silt"," brown (forest) soil  ",790,40,31,23,0.197826086956522
"13",-1111,684,2419,0,47,6950,376,23,17,"Black Forest","N-W"," middle slope"," silt"," brown (forest) soil  ",800,25,25,1,0.15
"14",-1095,719,2448,0,57.5,7335,331,26,15,"Black Forest","N-W"," upper slope"," pebble"," brown (forest) soil  ",700,170,33,2,0.45
"15",-1099,742,2471,0,57.5,7223,330,35,16,"Black Forest","N-W"," upper slope"," pebble"," brown (forest) soil  ",700,170,33,2,0.45
"16",-1089,707,2363,0,58,6125,337,28,18,"Black Forest","E"," lower slope"," silt"," brown (forest) soil  ",830,80,40,24,0.304166666666667
"17",-1097,768,2377,0,49,5975,357,42,21,"Black Forest","N-W"," upper slope"," sand"," brown (forest) soil  ",450,43,50,11,0.272727272727273
"18",-1106,733,2334,0,48,5978,359,35,18,"Black Forest","N-W"," upper slope"," sand"," brown (forest) soil  ",450,43,50,11,0.272727272727273
"19",-1159,565,2248,0,73.5,6878,330,12,11,"Black Forest","N"," upper slope"," silt"," brown (forest) soil  ",1060,150,10,16,0.209375
"20",-1200,546,2236,0,76,6949,332,12,11,"Black Forest","N"," upper slope"," silt"," brown (forest) soil  ",1060,150,10,16,0.209375
"21",-1240,555,2298,0,69.5,7567,340,12,10,"Black Forest","S-W"," middle slope"," sand"," brown (forest) soil  ",1170,60,28,23,0.193478260869565
"22",-1358,512,2380,0,62,7990,347,12,11,"Black Forest","N"," middle slope"," silt"," brown (forest) soil  ",1110,45,58,24,0.0375
"23",-1028,836,2704,0,33.5,7220,369,64,45,"Black Forest","N"," middle slope"," silt"," brown (forest) soil  ",473,45,49,7,0.128571428571429
"24",-973,940,2814,0,33.5,6822,364,77,52,"Black Forest","S-W"," middle slope"," silt"," brown (forest) soil  ",420,85,27,6,0.45
"25",-930,913,2699,0,48,4397,342,68,39,"Black Forest","W"," middle slope"," silt"," para-brown earth ",400,40,7,15,0.2
"26",-904,971,2761,0,33,4108,369,79,52,"Rhine area","N"," upper slope"," silt"," brown (forest) soil  ",300,60,20,5,0.33
"27",-908,955,2790,0,37.5,4225,359,72,45,"Rhine area","N"," upper slope"," silt"," brown (forest) soil  ",300,60,20,5,0.33
"28",-1051,848,2540,0,28.5,4908,381,58,37,"Black Forest","N-W"," upper slope"," silt"," brown (forest) soil  ",550,80,35,5,0.24
"29",-1135,567,2197,0,64.5,6683,344,10,9,"Black Forest","N"," middle slope"," silty clay"," brown (forest) soil  ",860,90,80,21,0.242857142857143
"30",-1300,498,2231,0,75.5,7173,333,8,7,"Black Forest","S-E"," plain, plateau "," silt"," brown (forest) soil  ",1170,60,7,17,0.129411764705882
"31",-1124,651,2381,0,61,7150,326,19,13,"Black Forest","E"," middle slope"," pebble"," brown (forest) soil  ",760,170,85,2,0.3
"32",-1140,631,2367,0,66,7222,324,16,12,"Black Forest","E"," middle slope"," pebble"," brown (forest) soil  ",760,170,85,2,0.3
"33",-1157,666,2562,0,48,7571,366,26,20,"Black Forest","E"," middle slope"," sand"," brown (forest) soil  ",880,90,55,19,0.281578947368421
"34",-1085,766,2745,0,49,7166,346,42,27,"Black Forest","S-W"," upper slope"," sand"," brown (forest) soil  ",720,33,15,16,0.1
"35",-941,946,2680,0,33,5048,359,73,43,"Black Forest","W"," lower slope"," silty clay"," brown (forest) soil  ",365,20,55,10,0.075
"36",-970,879,2722,0,59,4858,333,61,33,"Black Forest","S-W"," middle slope"," sand"," brown (forest) soil  ",470,45,8,23,0.193478260869565
"37",-949,891,2735,0,57.5,4584,341,68,38,"Black Forest","N-W"," plain, plateau "," silt"," para-brown earth ",450,75,5,18,0.25
"38",-953,866,2733,0,60.5,4804,341,59,32,"Black Forest","E"," middle slope"," sand"," brown (forest) soil  ",500,75,40,16,0.328125
"39",-909,978,2676,0,43,4303,340,83,45,"Black Forest","W"," middle slope"," silt"," brown (forest) soil  ",420,105,21,12,0.325
"40",-912,971,2677,0,48,4325,339,82,44,"Black Forest","W"," middle slope"," silt"," brown (forest) soil  ",420,105,21,12,0.325
"41",-1093,750,2348,0,48.5,5970,332,38,19,"Black Forest","E"," upper slope"," sand"," brown (forest) soil  ",750,90,10,7,0.2
"42",-1100,666,2337,0,54,7419,344,25,19,"Black Forest","S-W"," upper slope"," silt"," brown (forest) soil  ",900,90,10,5,0.24
"43",-1105,658,2314,0,54,7469,344,20,15,"Black Forest","S-W"," upper slope"," silt"," brown (forest) soil  ",900,90,10,5,0.24
"44",-1123,667,2298,0,62.5,7035,341,20,13,"Black Forest","N-E"," lower slope"," sand"," brown (forest) soil  ",870,90,45,8,0.375
"45",-1164,553,2162,0,70,6330,340,7,6,"Black Forest","N-W"," middle slope"," silt"," brown (forest) soil  ",970,30,40,3,0.233333333333333
"46",-1367,403,2065,0,65.5,7068,350,3,3,"Black Forest","N"," upper slope"," sand"," para-brown earth ",1270,170,70,24,0.420833333333333
"47",-1365,494,2330,0,63,7451,366,12,8,"Black Forest","S-E"," upper slope"," silt"," brown (forest) soil  ",1120,130,18,11,0.327272727272727
"48",-1105,708,2519,0,50,7063,349,28,16,"Black Forest","N-W"," upper slope"," sand"," brown (forest) soil  ",620,35,46,14,0.157142857142857
"49",-980,856,2757,0,32,5580,395,65,45,"Black Forest","W"," upper slope"," silty clay"," brown (forest) soil  ",400,45,30,21,0.25952380952381
"50",-952,908,2768,0,30,5414,396,72,52,"Black Forest","W"," upper slope"," silty clay"," brown (forest) soil  ",400,45,30,21,0.25952380952381
"51",-943,896,2729,0,48.5,4519,346,68,41,"Black Forest","W"," middle slope"," silt"," brown (forest) soil  ",350,15,40,24,0.0833333333333333
"52",-927,899,2816,0,54.5,4543,339,61,36,"Black Forest","W"," middle slope"," silt"," brown (forest) soil  ",350,15,40,24,0.0833333333333333
"53",-940,885,2716,0,67,5039,335,60,35,"Black Forest","N-W"," middle slope"," sand"," brown (forest) soil  ",400,80,22,15,0.32
"54",-924,925,2645,0,68.5,5096,332,65,35,"Black Forest","W"," middle slope"," sand"," brown (forest) soil  ",430,73,35,2,0.25
"55",-1104,710,2333,0,51,7257,346,30,18,"Black Forest","plateau"," plain, plateau "," silt"," brown (forest) soil  ",810,95,0,23,0.293478260869565
"56",-1141,598,2278,0,61.5,7857,349,12,10,"Black Forest","W"," upper slope"," sand"," brown (forest) soil  ",1000,150,20,5,0.35
"57",-1145,579,2292,0,61.5,7079,344,11,8,"Black Forest","N-E"," upper slope"," sand"," brown (forest) soil  ",1070,110,15,2,0.35
"58",-1157,541,2211,0,61.5,7303,348,8,7,"Black Forest","N-E"," upper slope"," sand"," brown (forest) soil  ",1070,110,15,2,0.35
"59",-1309,419,2018,0,69.5,6641,346,3,3,"Black Forest","N"," middle slope"," sand"," brown (forest) soil  ",1150,120,40,21,0.369047619047619
"60",-1285,472,2122,0,73,6206,334,5,5,"Black Forest","N-E"," lower slope"," sand"," brown (forest) soil  ",1120,120,21,8,0.3625
"61",-1399,443,2178,0,65,6931,351,5,4,"Black Forest","N-W"," middle slope"," silt"," brown (forest) soil  ",1190,170,27,9,0.461111111111111
"62",-1337,564,2428,0,63,6864,345,14,9,"Black Forest","S-W"," middle slope"," silt"," brown (forest) soil  ",1000,100,45,20,0.2925
"63",-1015,771,2844,0,42.5,5129,373,41,29,"Black Forest","N-W"," middle slope"," sand"," brown (forest) soil  ",550,80,51,1,0.15
"64",-974,837,2871,0,60,4422,338,61,35,"Black Forest","N-E"," lower slope"," silt"," brown (forest) soil  ",450,40,20,24,0.075
"65",-995,812,2764,0,69.5,4771,332,53,27,"Black Forest","S"," middle slope"," sand"," brown (forest) soil  ",595,85,40,1,0.3
"66",-996,803,2769,0,69.5,4859,333,53,28,"Black Forest","S"," middle slope"," sand"," brown (forest) soil  ",595,85,40,1,0.3
"67",-923,901,2798,0,47.5,4641,343,66,40,"Black Forest","E"," valley bottom, dip"," silt"," gley",380,22,31,24,0
"68",-887,959,2665,0,37.5,5274,363,74,49,"Black Forest","N-W"," middle slope"," silt"," brown (forest) soil  ",250,130,55,2,0.325
"69",-1072,898,2624,0,30,5493,381,71,34,"Black Forest","S-E"," lower slope"," silty clay"," brown (forest) soil  ",360,25,20,24,0
"70",-1173,562,2178,0,56,7234,345,9,8,"Black Forest","plateau"," plain, plateau "," silt"," brown (forest) soil  ",905,120,0,19,0.410526315789474
"71",-1238,483,2133,0,58.5,7354,351,5,4,"Black Forest","S-W"," upper slope"," sand"," brown (forest) soil  ",1170,45,45,24,0.3125
"72",-1320,453,2248,0,62.5,6402,342,5,4,"Black Forest","S"," valley bottom, dip"," sand"," brown (forest) soil  ",1210,140,40,15,0.416666666666667
"73",-1235,614,2597,0,63,5811,346,21,17,"Black Forest","N-E"," middle slope"," sand"," brown (forest) soil  ",800,70,37,18,0.269444444444444
"74",-1054,724,2702,0,42,5784,385,31,22,"Black Forest","S-W"," middle slope"," pebble"," brown (forest) soil  ",815,75,70,16,0.371875
"75",-931,903,2600,0,61.5,6123,332,58,32,"Black Forest","N"," middle slope"," silt"," brown (forest) soil  ",400,85,40,1,0.3
"76",-976,881,2509,0,62,6180,329,56,30,"Black Forest","E"," lower slope"," silt"," brown (forest) soil  ",420,140,65,21,0.266666666666667
"77",-983,788,2467,0,77,7175,323,39,22,"Black Forest","W"," middle slope"," sand"," brown (forest) soil  ",600,80,45,4,0.3125
"78",-936,878,2569,0,41,7678,367,55,37,"Black Forest","N-W"," lower slope"," silt"," brown (forest) soil  ",360,75,60,1,0.3
"79",-918,885,2604,0,39.5,7654,376,61,45,"Black Forest","N-W"," lower slope"," silt"," brown (forest) soil  ",360,75,60,1,0.3
"80",-1140,696,2351,0,55.5,6741,334,23,13,"Black Forest","W"," middle slope"," sand"," rendzina soil",800,130,35,5,0.39
"81",-1127,721,2380,0,55.5,6618,335,31,16,"Black Forest","W"," middle slope"," sand"," rendzina soil",800,130,35,5,0.39
"82",-1160,638,2371,0,57,7345,328,19,10,"Black Forest","E"," upper slope"," sand"," brown (forest) soil  ",900,90,10,22,0.384090909090909
"83",-1227,518,2310,0,55,6766,354,11,9,"Black Forest","S-E"," middle slope"," sand"," brown (forest) soil  ",1160,23,20,24,0.25625
"84",-1249,534,2376,0,59,5674,340,14,10,"Black Forest","S"," middle slope"," silt"," brown (forest) soil  ",1060,40,30,23,0.1
"85",-1286,505,2339,0,57.5,5763,346,12,10,"Black Forest","S"," middle slope"," silt"," brown (forest) soil  ",1060,40,30,23,0.1
"86",-1224,519,2109,0,63,5204,330,6,5,"Black Forest","N"," middle slope"," sand"," brown (forest) soil  ",1000,59.7368421052632,80,19,0.376315789473684
"87",-1173,646,2437,0,71,5375,329,19,11,"Black Forest","N-W"," middle slope"," silt"," brown (forest) soil  ",850,110,56,17,0.417647058823529
"88",-1135,658,2550,0,53.5,6027,371,22,16,"Black Forest","S-W"," middle slope"," silt"," brown (forest) soil  ",1020,90,55,20,0.5175
"89",-1252,561,2587,0,47,6869,374,18,14,"Black Forest","N-E"," middle slope"," sand"," brown (forest) soil  ",1075,55,20,21,0.233333333333333
"90",-1203,591,2648,0,43,6432,371,22,15,"Black Forest","N-E"," middle slope"," sand"," brown (forest) soil  ",985,66,25,22,0.272727272727273
"91",-1148,644,2766,0,39,6153,381,25,18,"Black Forest","N"," middle slope"," silty clay"," brown (forest) soil  ",840,5,58,24,0
"92",-1005,807,2752,0,48,4372,362,46,32,"Black Forest","W"," middle slope"," silt"," brown (forest) soil  ",510,65,30,24,0.347916666666667
"93",-1011,804,2724,0,48,4359,362,49,33,"Black Forest","W"," middle slope"," silt"," brown (forest) soil  ",510,65,30,24,0.347916666666667
"94",-968,852,2757,0,54.5,4497,359,55,36,"Black Forest","N-W"," upper slope"," sand"," brown (forest) soil  ",520,37,30,24,0.1375
"95",-1004,795,2561,0,85.5,7663,326,38,20,"Black Forest","N"," middle slope"," silt"," brown (forest) soil  ",800,90,49,8,0.3875
"96",-1040,742,2404,0,85,6481,313,29,14,"Black Forest","S-W"," upper slope"," silt"," brown (forest) soil  ",730,65,13,15,0.3
"97",-1045,736,2395,0,87,6443,313,29,14,"Black Forest","S-W"," upper slope"," silt"," brown (forest) soil  ",730,65,13,15,0.3
"98",-1047,701,2395,0,76,7116,317,23,13,"Black Forest","plateau"," plain, plateau "," sand"," brown (forest) soil  ",800,50,0,5,0.09
"99",-988,780,2525,0,55.5,6580,354,44,29,"Black Forest","E"," middle slope"," sand"," brown (forest) soil  ",540,40,55,2,0.2
"100",-1096,788,2451,0,48,6196,335,38,19,"Black Forest","W"," upper slope"," sand"," podsol",730,130,45,13,0.446153846153846
"101",-1129,715,2430,0,48,6460,334,27,14,"Black Forest","N"," middle slope"," silt"," brown (forest) soil  ",850,130,30,11,0.368181818181818
"102",-1149,648,2362,0,51,6419,345,17,10,"Black Forest","W"," middle slope"," sand"," brown (forest) soil  ",960,80,32,24,0.352083333333333
"103",-1177,622,2322,0,50,5592,340,15,11,"Black Forest","N-E"," lower slope"," clay"," brown (forest) soil  ",980,70,0,24,0.279166666666667
"104",-1204,564,2304,0,53.5,5498,353,13,11,"Black Forest","plateau"," plain, plateau "," sand"," podsol",1090,100,0,24,0.347916666666667
"105",-1207,615,2213,0,62,5036,322,12,10,"Black Forest","N"," lower slope"," sand"," brown (forest) soil  ",870,45,25,24,0.164583333333333
"106",-1220,596,2359,0,57,4942,333,15,11,"Black Forest","N"," lower slope"," sand"," brown (forest) soil  ",870,45,25,24,0.164583333333333
"107",-1219,605,2218,0,63.5,5010,327,12,9,"Black Forest","S-E"," middle slope"," sand"," brown (forest) soil  ",920,115,20,24,0.295833333333333
"108",-1256,528,2289,0,62,4976,363,10,9,"Black Forest","plateau"," plain, plateau "," sand"," brown (forest) soil  ",1120,105,0,24,0.395833333333333
"109",-1227,573,2435,0,59.5,6051,359,15,11,"Black Forest","N"," plain, plateau "," silt"," brown (forest) soil  ",1070,101,5,24,0.395833333333333
"110",-1172,642,2496,0,43.5,6153,371,20,14,"Black Forest","S-E"," middle slope"," sand"," brown (forest) soil  ",890,80,25,22,0.379545454545455
"111",-1173,640,2518,0,44.5,6040,367,19,13,"Black Forest","S-E"," middle slope"," sand"," brown (forest) soil  ",890,80,25,22,0.379545454545455
"112",-1170,668,2566,0,43.5,5887,373,22,16,"Black Forest","S-E"," middle slope"," sand"," brown (forest) soil  ",900,23,25,23,0.156521739130435
"113",-1007,809,2723,0,53.5,4484,346,46,24,"Black Forest","N"," middle slope"," sand"," brown (forest) soil  ",545,50,40,4,0.45
"114",-950,898,2738,0,48.5,5666,364,58,36,"Black Forest","N-W"," valley bottom, dip"," silt"," brown (forest) soil  ",380,40,20,24,0.0791666666666667
"115",-976,868,2669,0,62.5,5126,344,50,27,"Black Forest","N-W"," middle slope"," sand"," brown (forest) soil  ",505,90,45,2,0.3
"116",-1018,790,2484,0,66.5,6516,340,39,23,"Black Forest","E"," lower slope"," sand"," brown (forest) soil  ",550,45,10,20,0.23
"117",-952,865,2616,0,42,7798,368,55,39,"Black Forest","W"," lower slope"," silt"," para-brown earth ",350,65,67,1,0.1
"118",-1086,674,2371,0,60.5,7308,367,22,17,"Black Forest","S-W"," lower slope"," sand"," brown (forest) soil  ",690,48,40,8,0.2125
"119",-1056,689,2496,0,67.5,6641,364,25,16,"Black Forest","N-E"," lower slope"," sand"," brown (forest) soil  ",640,106,53,15,0.313333333333333
"120",-1031,692,2559,0,65,6415,367,30,23,"Black Forest","N-E"," lower slope"," sand"," brown (forest) soil  ",640,106,53,15,0.313333333333333
"121",-963,760,2679,0,63.5,6239,376,40,30,"Black Forest","W"," middle slope"," silt"," brown (forest) soil  ",560,40,30,24,0.0833333333333333
"122",-1153,656,2402,0,43,5373,355,19,12,"Black Forest","N-E"," plain, plateau "," silt"," brown (forest) soil  ",950,90,5,24,0.370833333333333
"123",-1167,637,2405,0,41.5,5190,359,17,11,"Baar/Blackforest","S-W"," plain, plateau "," sand"," gley",990,70,2,20,0.3
"124",-1180,631,2349,0,54,4906,328,17,11,"Baar/Blackforest","E"," lower slope"," sand"," brown (forest) soil  ",860,50,25,21,0.00952380952380952
"125",-1191,643,2300,0,53.5,4984,324,16,11,"Black Forest","E"," middle slope"," silt"," brown (forest) soil  ",900,95,30,24,0.335416666666667
"126",-1234,588,2297,0,51,4569,363,11,9,"Black Forest","plateau"," plain, plateau "," silt"," brown (forest) soil  ",1020,125,0,21,0.419047619047619
"127",-1237,594,2231,0,53.5,4696,346,11,8,"Black Forest","N-E"," middle slope"," silt"," brown (forest) soil  ",980,65,15,24,0.3875
"128",-1213,641,2346,0,71,4901,329,16,10,"Black Forest","S-E"," middle slope"," silt"," brown (forest) soil  ",900,100,20,24,0.435416666666667
"129",-1255,571,2325,0,60,5789,363,14,10,"Black Forest","plateau"," plain, plateau "," silt"," brown (forest) soil  ",1030,42,0,22,0.293181818181818
"130",-1158,665,2531,0,50.5,5507,344,19,10,"Black Forest","N"," upper slope"," sand"," brown (forest) soil  ",820,135,40,10,0.545
"131",-1069,764,2515,0,50,4769,353,36,22,"Black Forest","E"," middle slope"," sand"," brown (forest) soil  ",600,16,60,1,0
"132",-1036,799,2476,0,84,5540,317,37,19,"Black Forest","N-W"," upper slope"," silt"," brown (forest) soil  ",670,80,28,24,0.25
"133",-1057,735,2348,0,59.5,7567,342,28,14,"Black Forest","S"," middle slope"," sand"," podsol",810,90,35,16,0.275
"134",-1080,720,2441,0,60.5,6648,343,34,18,"Black Forest","S-W"," upper slope"," silt"," podsol",650,60,47,1,0.4
"135",-1050,750,2522,0,58.5,6158,340,39,23,"Black Forest","S-W"," upper slope"," silt"," podsol",650,60,47,1,0.4
"136",-1159,624,2414,0,65,8270,345,16,10,"Black Forest","plateau"," plain, plateau "," sand"," podsol",900,120,0,13,0.315384615384615
"137",-1158,624,2408,0,63,8375,347,17,10,"Black Forest","plateau"," plain, plateau "," sand"," podsol",900,120,0,13,0.315384615384615
"138",-1116,650,2492,0,75.5,7364,317,22,13,"Black Forest","S"," lower slope"," sand"," brown (forest) soil  ",710,110,30,19,0.2
"139",-1118,653,2483,0,74,7252,316,23,13,"Black Forest","S"," lower slope"," sand"," brown (forest) soil  ",710,110,30,19,0.2
"140",-1172,602,2382,0,79.5,7452,334,17,10,"Black Forest","W"," upper slope"," sand"," podsol",885,80,37,23,0.228260869565217
"141",-1112,666,2381,0,78.5,7012,317,20,10,"Black Forest","N-E"," middle slope"," sand"," podsol",760,70,14,24,0.25625
"142",-1105,632,2426,0,79.5,7000,319,19,11,"Black Forest","N-E"," middle slope"," sand"," podsol",760,70,14,24,0.25625
"143",-1158,646,2341,0,93.5,7029,322,14,8,"Black Forest","S"," middle slope"," sand"," brown (forest) soil  ",850,28,23,24,0.129166666666667
"144",-1120,650,2456,0,82.5,7902,372,19,12,"Black Forest","W"," middle slope"," sand"," podsol",825,60,25,14,0.253571428571429
"145",-929,812,2606,0,69,6526,368,46,30,"Black Forest","S-E"," middle slope"," sand"," brown (forest) soil  ",560,70,45,12,0.2125
"146",-922,814,2566,0,80.5,5047,321,44,21,"Black Forest","N"," upper slope"," sand"," brown (forest) soil  ",445,100,15,4,0.375
"147",-1131,716,2479,0,38,5698,350,34,22,"Baar/Blackforest","plateau"," plain, plateau "," sand"," brown (forest) soil  ",780,25,0,21,0
"148",-1198,651,2342,0,49,4783,341,18,11,"Baar/Blackforest","plateau"," plain, plateau "," sand"," podsol",860,125,0,17,0.35
"149",-1209,628,2293,0,53.5,4633,339,15,9,"Baar/Blackforest","plateau"," plain, plateau "," silt"," brown (forest) soil  ",960,75,0,19,0.394736842105263
"150",-1227,609,2253,0,49,4487,361,13,9,"Baar/Blackforest","W"," middle slope"," sand"," brown (forest) soil  ",960,85,40,17,0.408823529411765
"151",-1096,759,2513,0,58,5208,340,28,17,"Black Forest","N"," middle slope"," sand"," brown (forest) soil  ",700,110,47,15,0.28
"152",-1103,745,2398,0,68.5,6895,321,28,16,"Black Forest","N-W"," middle slope"," sand"," podsol",775,120,33,6,0.3
"153",-1092,683,2585,0,59.5,8362,331,32,19,"Black Forest","S-E"," lower slope"," sand"," brown (forest) soil  ",655,110,45,16,0.340625
"154",-1193,581,2428,0,94.5,8334,322,16,10,"Black Forest","N-W"," upper slope"," sand"," podsol",965,90,16,24,0.447916666666667
"155",-1205,575,2419,0,94,8391,323,16,10,"Black Forest","N-W"," upper slope"," sand"," podsol",965,90,16,24,0.447916666666667
"156",-1109,678,2462,0,70.5,8316,316,25,13,"Black Forest","S-E"," middle slope"," sand"," brown (forest) soil  ",710,105,45,14,0.35
"157",-1115,671,2454,0,73,8263,316,23,11,"Black Forest","S-E"," middle slope"," sand"," brown (forest) soil  ",710,105,45,14,0.35
"158",-1194,623,2308,0,109.5,8062,326,15,9,"Black Forest","S"," middle slope"," sand"," podsol",850,185,40,12,0.195833333333333
"159",-1085,678,2415,0,72,7790,359,22,14,"Black Forest","plateau"," middle slope"," sand"," brown (forest) soil  ",730,33,25,15,0.0266666666666667
"160",-927,802,2585,0,63.5,6343,354,41,23,"Black Forest","N"," middle slope"," sand"," brown (forest) soil  ",390,65,50,20,0.1225
"161",-901,975,2556,0,38.5,5843,364,75,42,"Black Forest","E"," plain, plateau "," sand"," brown (forest) soil  ",218,110,10,14,0.267857142857143
"162",-1131,748,2455,0,41.5,6291,345,38,18,"Baar/Blackforest","N-W"," upper slope"," clay","terra calcis",700,140,17,15,0.343333333333333
"163",-1197,646,2332,0,52.5,4631,346,19,11,"Baar/Blackforest","plateau"," plain, plateau "," silt"," gley",870,88,0,24,0.310416666666667
"164",-1186,655,2303,0,58,4722,324,18,9,"Baar/Blackforest","N-W"," lower slope"," sand"," brown (forest) soil  ",820,77,20,24,0.44375
"165",-1204,648,2342,0,53,4462,351,16,11,"Baar/Blackforest","plateau"," plain, plateau "," sand"," gley",900,125,0,18,0.302777777777778
"166",-1216,650,2338,0,52,4469,353,16,11,"Baar/Blackforest","S-W"," upper slope"," silt"," brown (forest) soil  ",820,48,27,18,0.205555555555556
"167",-1222,637,2370,0,57,4486,342,16,10,"Baar/Blackforest","N-W"," middle slope"," sand"," podsol",865,32,25,18,0.297222222222222
"168",-1092,787,2568,0,62.5,4947,337,37,17,"Black Forest","W"," upper slope"," sand"," brown (forest) soil  ",550,150,60,2,0.3
"169",-982,821,2415,0,71.5,5001,320,42,18,"Black Forest","N-E"," middle slope"," sand"," brown (forest) soil  ",570,135,70,2,0.4
"170",-1096,793,2474,0,75,5154,314,38,18,"Black Forest","N-E"," middle slope"," sand"," brown (forest) soil  ",500,160,80,1,0.35
"171",-1124,728,2318,0,65,7385,324,30,14,"Black Forest","S-W"," upper slope"," sand"," podsol",750,95,18,23,0.297826086956522
"172",-1172,670,2306,0,55.5,8623,341,20,11,"Black Forest","N-E"," upper slope"," sand"," brown (forest) soil  ",820,130,5,13,0.211538461538462
"173",-1092,712,2620,0,58,7992,320,33,17,"Black Forest","N-W"," lower slope"," sand"," brown (forest) soil  ",650,90,40,16,0.29375
"174",-1119,665,2628,0,59,8947,319,30,18,"Black Forest","S-W"," middle slope"," sand"," brown (forest) soil  ",695,40,32,17,0.0147058823529412
"175",-1104,679,2661,0,57.5,8824,316,28,16,"Black Forest","S-W"," middle slope"," sand"," brown (forest) soil  ",695,40,32,17,0.0147058823529412
"176",-1164,625,2521,0,86.5,9197,324,19,12,"Black Forest","plateau"," upper slope"," sand"," podsol",820,110,35,14,0.275
"177",-1186,610,2500,0,89,9316,329,19,12,"Black Forest","plateau"," upper slope"," sand"," podsol",820,110,35,14,0.275
"178",-1070,710,2527,0,64,9788,320,31,15,"Black Forest","N-E"," middle slope"," sand"," brown (forest) soil  ",620,36,36,14,0.0642857142857143
"179",-1073,706,2442,0,71.5,9160,318,30,13,"Black Forest","N-E"," upper slope"," sand"," brown (forest) soil  ",620,37,25,22,0.204545454545455
"180",-1013,774,2441,0,63,8221,327,36,16,"Black Forest","N-E"," middle slope"," sand"," brown (forest) soil  ",480,40,60,13,0
"181",-1025,859,2533,0,22.5,6765,372,59,32,"Donau, Lake of Konstanz","W"," upper slope"," silt"," para-brown earth ",480,90,10,6,0.225
"182",-1178,678,2381,0,32.5,5022,360,20,13,"Baar/Blackforest","W"," upper slope"," clay"," rendzina soil",810,39,13,24,0.214583333333333
"183",-1181,679,2367,0,34,5044,357,21,13,"Baar/Blackforest","W"," upper slope"," clay"," rendzina soil",810,39,13,24,0.214583333333333
"184",-1175,687,2382,0,39,4996,353,24,12,"Baar/Blackforest","plateau"," plain, plateau "," sand"," brown (forest) soil  ",750,50,0,23,0.232608695652174
"185",-1172,686,2357,0,51,4685,331,24,10,"Baar/Blackforest","plateau"," plain, plateau "," silt"," gley",700,33,0,24,0.145833333333333
"186",-1178,683,2365,0,54.5,4552,327,23,10,"Baar/Blackforest","plateau"," plain, plateau "," sand"," brown (forest) soil  ",770,40,0,22,0.145454545454545
"187",-1176,690,2370,0,53,4554,330,23,10,"Baar/Blackforest","W"," middle slope"," silt"," brown (forest) soil  ",750,85,47,24,0.252083333333333
"188",-1082,756,2338,0,60,4184,330,30,13,"Black Forest","S-W"," upper slope"," sand"," brown (forest) soil  ",680,115,58,14,0.378571428571429
"189",-1097,762,2351,0,70,5095,324,33,17,"Black Forest","S-W"," upper slope"," sand"," brown (forest) soil  ",650,115,18,5,0.34
"190",-1163,665,2390,0,60.5,8718,337,22,11,"Black Forest","plateau"," plain, plateau "," sand"," brown (forest) soil  ",810,120,0,8,0.2
"191",-1138,674,2654,0,64,8438,326,25,14,"Black Forest","plateau"," plain, plateau "," sand"," brown (forest) soil  ",780,98,0,12,0.254166666666667
"192",-1102,698,2720,0,64,8567,316,30,16,"Black Forest","N-W"," middle slope"," sand"," brown (forest) soil  ",680,150,40,14,0.207142857142857
"193",-1053,733,2671,0,63.5,8918,311,32,17,"Black Forest","N-W"," lower slope"," sand"," brown (forest) soil  ",555,130,31,8,0.275
"194",-1137,660,2513,0,70,9960,325,24,15,"Black Forest","N"," upper slope"," sand"," podsol",785,134,40,16,0.234375
"195",-1154,661,2327,0,84,9850,314,19,11,"Black Forest","N-E"," lower slope"," sand"," podsol",820,130,18,19,0.178947368421053
"196",-1177,631,2297,0,70,11480,342,15,10,"Black Forest","S-E"," plain, plateau "," sand"," podsol",950,45,10,17,0.241176470588235
"197",-1187,620,2295,0,69.5,11550,340,15,10,"Black Forest","S-E"," plain, plateau "," sand"," podsol",950,45,10,17,0.241176470588235
"198",-1016,772,2516,0,59.5,9336,348,34,19,"Black Forest","S-E"," middle slope"," sand"," brown (forest) soil  ",500,90,45,11,0.272727272727273
"199",-1058,735,2404,0,68,9650,333,28,13,"Black Forest","S"," middle slope"," sand"," brown (forest) soil  ",640,50,40,20,0.2075
"200",-841,945,2590,0,27.5,6044,388,80,50,"Black Forest","S-W"," lower slope"," silt"," brown (forest) soil  ",160,76,36,5,0.19
"201",-772,1040,2852,0,20.5,4666,397,106,68,"Rhine area","plateau"," plain, plateau "," sand"," brown (forest) soil  ",110,70,0,2,0.2
"202",-999,876,2563,0,22,7584,388,66,38,"Donau, Lake of Konstanz","S"," middle slope"," clay","terra calcis",490,18,5,24,0
"203",-1056,827,2575,0,25.5,7262,397,55,33,"Baar/Blackforest","S"," middle slope"," silt"," rendzina soil",490,30,25,9,0.172222222222222
"204",-1167,700,2384,0,25,5546,373,24,14,"Baar/Blackforest","plateau"," plain, plateau "," silt"," rendzina soil",740,37,0,23,0.21304347826087
"205",-1157,729,2390,0,51.5,4517,330,24,11,"Black Forest","plateau"," plain, plateau "," silt"," para-brown earth ",690,80,0,17,0.229411764705882
"206",-1148,742,2345,0,63.5,4490,320,27,13,"Black Forest","plateau"," plain, plateau "," silt"," para-brown earth ",670,100,0,2,0.15
"207",-1082,718,2676,0,60.5,7545,315,32,16,"Black Forest","plateau"," plain, plateau "," clay"," brown (forest) soil  ",665,130,0,17,0.2
"208",-1103,685,2657,0,60.5,8200,319,28,15,"Black Forest","plateau"," plain, plateau "," silt"," brown (forest) soil  ",725,170,0,5,0.28
"209",-1152,662,2442,0,68.5,9591,312,22,12,"Black Forest","S"," plain, plateau "," sand"," brown (forest) soil  ",795,160,2,14,0.296428571428571
"210",-1194,647,2291,0,77,9478,313,16,10,"Black Forest","N"," upper slope"," sand"," brown (forest) soil  ",850,46,23,15,0.126666666666667
"211",-1192,648,2289,0,76.5,9452,312,17,10,"Black Forest","N"," upper slope"," sand"," brown (forest) soil  ",850,46,23,15,0.126666666666667
"212",-1161,664,2306,0,81,9713,310,20,10,"Black Forest","E"," upper slope"," sand"," brown (forest) soil  ",785,81,17,23,0.180434782608696
"213",-1160,655,2400,0,79,10450,314,19,9,"Black Forest","S-W"," middle slope"," sand"," podsol",845,45,31,6,0.15
"214",-1164,660,2560,0,83.5,10870,309,23,11,"Black Forest","S-W"," middle slope"," sand"," podsol",840,200,28,1,0.15
"215",-1078,726,2641,0,63,9945,349,29,16,"Black Forest","N"," middle slope"," sand"," brown (forest) soil  ",630,35,35,17,0.0970588235294118
"216",-1030,790,2552,0,54.5,8548,353,39,21,"Black Forest","S"," middle slope"," sand"," brown (forest) soil  ",500,146,40,1,0.15
"217",-1174,729,2421,0,57.5,4442,335,24,11,"around Stuttgart/Neckarland","N"," upper slope"," silt"," para-brown earth ",670,110,32,19,0.247368421052632
"218",-1093,763,2408,0,59,4974,319,31,16,"Black Forest","S-E"," middle slope"," silt"," brown (forest) soil  ",530,32,49,24,0.06875
"219",-1098,710,2597,0,58,7548,320,29,16,"Black Forest","N"," lower slope"," silt"," brown (forest) soil  ",670,88,13,24,0.277083333333333
"220",-1105,695,2557,0,61.5,8171,314,28,15,"Black Forest","N-W"," plain, plateau "," silt"," brown (forest) soil  ",695,130,2,6,0.175
"221",-1064,722,2528,0,68.5,8004,311,34,18,"Black Forest","S"," lower slope"," sand"," podsol",590,73,40,20,0.1275
"222",-1176,674,2342,0,79,9051,308,23,12,"Black Forest","N-W"," plain, plateau "," sand"," brown (forest) soil  ",825,150,2,12,0.225
"223",-1080,732,2564,0,69.5,8861,312,32,16,"Black Forest","E"," lower slope"," silt"," brown (forest) soil  ",655,50,30,15,0.123333333333333
"224",-1119,721,2522,0,57,9577,340,30,16,"Black Forest","N-W"," plain, plateau "," sand"," brown (forest) soil  ",650,110,5,10,0.335
"225",-796,1062,2827,0,13,5231,429,105,70,"Rhine area","plateau"," plain, plateau "," pebble"," brown (forest) soil  ",108,16,0,2,0.05
"226",-1151,727,2372,0,21,6429,373,35,20,"Swabian Alp","N-E"," middle slope"," clay"," pelosol",750,17,20,24,0
"227",-1174,696,2423,0,34,4865,351,23,8,"Baar/Blackforest","N"," middle slope"," silt"," brown (forest) soil  ",720,70,13,6,0.158333333333333
"228",-1156,725,2416,0,36,4924,353,29,8,"around Stuttgart/Neckarland","plateau"," plain, plateau "," silt"," para-brown earth ",690,60,0,6,0.258333333333333
"229",-1124,750,2389,0,56.5,4684,326,25,11,"around Stuttgart/Neckarland","S-E"," upper slope"," silt"," brown (forest) soil  ",640,55,11,15,0.23
"230",-1129,762,2523,0,53,4932,323,33,14,"around Stuttgart/Neckarland","N"," upper slope"," silty clay"," rendzina soil",600,90,30,1,0.3
"231",-1113,762,2418,0,60.5,4833,322,29,14,"around Stuttgart/Neckarland","plateau"," plain, plateau "," silt"," brown (forest) soil  ",620,35,0,22,0.05
"232",-1081,768,2555,0,50,4711,326,35,15,"around Stuttgart/Neckarland","S"," middle slope"," pebble"," rendzina soil",545,35,10,24,0.0520833333333333
"233",-1068,727,2571,0,52,6681,321,29,14,"Black Forest","N-W"," middle slope"," silt"," podsol",570,65,32,24,0.152083333333333
"234",-1092,736,2642,0,64,8156,313,31,15,"Black Forest","N-W"," middle slope"," sand"," podsol",580,80,40,15,0.213333333333333
"235",-1099,740,2731,0,64.5,8100,313,32,16,"Black Forest","N-W"," middle slope"," sand"," podsol",580,80,40,15,0.213333333333333
"236",-1097,715,2620,0,71,8586,315,33,17,"Black Forest","N-E"," plain, plateau "," silt"," brown (forest) soil  ",670,70,5,18,0.280555555555556
"237",-1038,788,2428,0,49.5,7123,334,39,22,"Black Forest","N"," middle slope"," silt"," podsol",440,65,11,17,0.252941176470588
"238",-890,955,2650,0,26,4949,390,85,47,"around Stuttgart/Neckarland","N"," middle slope"," silt"," para-brown earth ",190,80,13,1,0.15
"239",-885,967,2658,0,18.5,4920,403,89,53,"around Stuttgart/Neckarland","N"," middle slope"," silt"," para-brown earth ",190,80,13,1,0.15
"240",-888,941,2696,0,33.5,5028,354,85,43,"around Stuttgart/Neckarland","N"," middle slope"," silt"," para-brown earth ",230,61,5,12,0.0625
"241",-802,1058,2806,0,10,5539,432,104,71,"Rhine area","plateau"," plain, plateau "," pebble"," brown soil ",107,45,0,9,0.333333333333333
"242",-1119,765,2420,0,30.5,6822,358,39,18,"Swabian Alp","N"," middle slope"," clay"," rendzina soil",680,80,38,12,0.0958333333333333
"243",-1083,799,2476,0,28.5,6890,353,47,23,"Swabian Alp","N"," middle slope"," clay"," rendzina soil",680,80,38,12,0.0958333333333333
"244",-1143,723,2435,0,27,6287,363,31,13,"Swabian Alp","plateau"," plain, plateau "," silt","terra calcis",790,80,0,21,0.19047619047619
"245",-1140,753,2619,0,24,5358,377,37,17,"around Stuttgart/Neckarland","N"," middle slope"," clay"," rendzina soil",540,90,68,14,0.35
"246",-1102,770,2397,0,41,5125,339,37,14,"around Stuttgart/Neckarland","S-E"," upper slope"," silt","terra calcis",560,45,20,24,0.170833333333333
"247",-1085,759,2472,0,43,4791,329,32,14,"around Stuttgart/Neckarland","S"," plain, plateau "," silt"," rendzina soil",560,90,13,12,0.191666666666667
"248",-1083,735,2529,0,42,5351,344,31,17,"Black Forest","plateau"," plain, plateau "," silt"," pelosol",590,166,0,11,0.259090909090909
"249",-1107,704,2573,0,53,6620,323,33,19,"Black Forest","plateau"," plain, plateau "," silt"," brown (forest) soil  ",655,157,0,1,0.15
"250",-1107,702,2577,0,52.5,6529,329,33,20,"Black Forest","plateau"," plain, plateau "," silt"," brown (forest) soil  ",655,157,0,1,0.15
"251",-1099,708,2577,0,54,7141,318,32,18,"Black Forest","S"," middle slope"," sand"," podsol",630,53,6,1,0.2
"252",-1109,713,2433,0,66.5,7434,315,30,14,"Black Forest","N-W"," upper slope"," silt"," brown (forest) soil  ",660,120,10,13,0.280769230769231
"253",-1094,710,2377,0,66.5,7763,315,26,12,"Black Forest","S-E"," upper slope"," silt"," podsol",643,100,8,5,0.27
"254",-1093,710,2375,0,66.5,7920,316,26,12,"Black Forest","S-E"," upper slope"," silt"," podsol",643,100,8,5,0.27
"255",-1128,673,2351,0,74.5,8119,327,26,14,"Black Forest","N"," upper slope"," silt"," brown (forest) soil  ",705,30,4,10,0.055
"256",-1153,742,2457,0,31,5414,361,32,10,"around Stuttgart/Neckarland","N-W"," lower slope"," clay"," para-brown earth ",600,110,15,7,0.3
"257",-1152,741,2422,0,44,5235,332,29,11,"around Stuttgart/Neckarland","plateau"," plain, plateau "," silt"," para-brown earth ",650,88,0,5,0.12
"258",-1121,770,2438,0,46,5013,327,33,12,"around Stuttgart/Neckarland","S"," middle slope"," silt"," brown (forest) soil  ",600,40,38,19,0.139473684210526
"259",-1061,707,2566,0,36.5,5010,360,35,21,"around Stuttgart/Neckarland","S-W"," upper slope"," silt"," rendzina soil",555,69,25,13,0.123076923076923
"260",-1105,702,2373,0,60.5,6539,322,28,15,"Black Forest","plateau"," plain, plateau "," silt"," podsol",650,80,0,2,0.275
"261",-684,893,2988,0,27,4190,354,78,48,"Rhine area","S"," upper slope"," silt"," para-brown earth ",278,60,25,7,0.242857142857143
"262",-1036,864,2519,0,20.5,7493,379,58,30,"Donau, Lake of Konstanz","S-E"," upper slope"," pebble"," para-brown earth ",470,95,31,18,0.15
"263",-1067,800,2477,0,29.5,6046,354,43,22,"Swabian Alp","E"," middle slope"," silt"," para-brown earth ",640,70,11,22,0.0977272727272727
"264",-1126,722,2425,0,20,5495,364,30,17,"Swabian Alp","N-E"," upper slope"," silt","terra calcis",800,85,11,23,0.176086956521739
"265",-1130,723,2401,0,24.5,5367,350,29,11,"Swabian Alp","S-W"," middle slope"," silt"," rendzina soil",690,80,53,1,0.5
"266",-1165,684,2415,0,27.5,5107,368,22,13,"Swabian Alp","S-E"," middle slope"," silt"," rendzina soil",820,90,42,22,0.145454545454545
"267",-1179,708,2395,0,36.5,5418,340,27,7,"around Stuttgart/Neckarland","S"," upper slope"," clay"," para-brown earth ",800,100,9,11,0.131818181818182
"268",-1186,711,2415,0,39.5,5375,335,26,8,"around Stuttgart/Neckarland","N-W"," upper slope"," sand"," pelosol",690,25,12,10,0.045
"269",-1109,793,2484,0,31.5,5063,357,36,14,"around Stuttgart/Neckarland","E"," upper slope"," sand"," brown (forest) soil  ",540,75,6,20,0.1125
"270",-1120,787,2477,0,36,5112,350,35,15,"around Stuttgart/Neckarland","E"," upper slope"," sand"," brown (forest) soil  ",540,75,6,20,0.1125
"271",-1065,743,2587,0,47,5572,333,39,20,"Black Forest","N-E"," upper slope"," sand"," brown (forest) soil  ",520,18,3,23,0
"272",-1042,785,2459,0,51,5602,338,44,22,"Black Forest","plateau"," middle slope"," sand"," brown (forest) soil  ",450,40,40,6,0.0916666666666667
"273",-1040,803,2547,0,62.5,5665,321,46,22,"Black Forest","N"," upper slope"," silt"," brown (forest) soil  ",470,90,7,1,0.55
"274",-928,936,2657,0,38,5467,356,80,40,"around Stuttgart/Neckarland","E"," valley bottom, dip"," silt"," para-brown earth ",240,75,8,9,0.338888888888889
"275",-901,960,2683,0,25,5881,378,88,51,"around Stuttgart/Neckarland","N-W"," middle slope"," silty clay"," para-brown earth ",200,79,9,13,0.192307692307692
"276",-1146,701,2415,0,30,5163,345,28,14,"Swabian Alp","plateau"," plain, plateau "," clay","terra calcis",800,80,0,24,0.120833333333333
"277",-1162,685,2402,0,25.5,4865,378,26,14,"Swabian Alp","plateau"," plain, plateau "," clay"," rendzina soil",790,100,0,6,0.116666666666667
"278",-1159,738,2460,0,37,5522,356,29,12,"around Stuttgart/Neckarland","N"," middle slope"," sand"," pelosol",610,45,19,5,0.16
"279",-821,854,2677,0,57,5423,312,54,22,"Oden Forest","S-E"," middle slope"," sand"," brown (forest) soil  ",480,120,30,4,0.2625
"280",-751,864,3024,0,44.5,5187,315,79,40,"Oden Forest","N"," lower slope"," sand"," brown (forest) soil  ",310,80,70,23,0.282608695652174
"281",-1107,735,2394,0,31.5,5283,342,34,16,"Swabian Alp","plateau"," plain, plateau "," silt"," para-brown earth ",710,70,0,19,0.121052631578947
"282",-1140,722,2378,0,26.5,5002,354,29,13,"Swabian Alp","plateau"," plain, plateau "," clay","terra calcis",790,80,0,24,0.125
"283",-1187,675,2544,0,33,4905,338,26,12,"Swabian Alp","N-E"," upper slope"," silt"," rendzina soil",790,80,55,1,0.1
"284",-1250,607,2602,0,33.5,4781,358,22,10,"Swabian Alp","N-E"," middle slope"," silt"," rendzina soil",860,91,54,18,0.144444444444444
"285",-1265,609,2404,0,40,4710,354,19,12,"Swabian Alp","plateau"," upper slope"," silt"," brown (forest) soil  ",930,30,0,24,0.05
"286",-1045,813,2538,0,33,4859,346,44,22,"around Stuttgart/Neckarland","S-W"," middle slope"," silt"," para-brown earth ",471,90,40,7,0.428571428571429
"287",-1069,716,2597,0,36,5056,363,34,21,"around Stuttgart/Neckarland","plateau"," upper slope"," clay"," para-brown earth ",550,42,10,4,0.25
"288",-1055,753,2610,0,38,5083,364,42,28,"around Stuttgart/Neckarland","S"," plain, plateau "," clay"," rendzina soil",530,70,5,1,0.2
"289",-1041,753,2622,0,38,5087,365,43,27,"around Stuttgart/Neckarland","S"," plain, plateau "," clay"," rendzina soil",530,70,5,1,0.2
"290",-732,977,2586,0,33,5552,334,79,44,"around Stuttgart/Neckarland","S"," upper slope"," silt"," para-brown earth ",233,26,10,5,0.14
"291",-1069,779,2431,0,33,6108,343,39,18,"Donau, Lake of Konstanz","S"," upper slope"," silt"," para-brown earth ",600,110,12,2,0.325
"292",-1154,694,2599,0,26,4817,354,28,12,"Swabian Alp","N-E"," lower slope"," sand"," rendzina soil",685,27,49,24,0.1
"293",-1226,648,2441,0,31.5,4258,370,24,14,"Swabian Alp","S-W"," plain, plateau "," sand"," rendzina soil",875,40,5,7,0.092857142857143
"294",-1231,641,2442,0,28.5,4223,373,24,14,"Swabian Alp","S-W"," plain, plateau "," sand"," rendzina soil",875,40,5,7,0.092857142857143
"295",-1152,745,2465,0,44,5782,337,29,12,"around Stuttgart/Neckarland","N-E"," valley bottom, dip"," silt"," para-brown earth ",600,105,15,13,0.165384615384615
"296",-1063,825,2544,0,30,4901,360,45,26,"around Stuttgart/Neckarland","plateau"," plain, plateau "," silt"," para-brown earth ",450,70,0,8,0.38125
"297",-749,966,2669,0,35.5,6467,350,81,47,"around Stuttgart/Neckarland","N-E"," lower slope"," silt"," para-brown earth ",220,80,15,12,0.225
"298",-787,926,2516,0,31,6676,357,70,34,"Oden Forest","S-E"," middle slope"," silt"," para-brown earth ",283,28,15,15,0.00666666666666667
"299",-861,885,2521,0,46,6811,332,62,29,"Oden Forest","S"," middle slope"," sand"," brown (forest) soil  ",350,50,20,1,0.15
"300",-1022,856,2406,0,32.5,6460,343,37,17,"Donau, Lake of Konstanz","S-E"," middle slope"," sand"," para-brown earth ",550,70,80,14,0.0892857142857143
"301",-1009,852,2461,0,32,6512,341,46,22,"Donau, Lake of Konstanz","S-E"," middle slope"," sand"," para-brown earth ",550,70,80,14,0.0892857142857143
"302",-984,859,2494,0,22,7054,376,50,25,"Donau, Lake of Konstanz","plateau"," plain, plateau "," sand"," para-brown earth ",440,80,0,14,0.0892857142857143
"303",-1183,705,2503,0,33,4566,333,34,17,"Swabian Alp","S"," upper slope"," silt"," rendzina soil",740,30,32,2,0.2
"304",-1236,647,2431,0,35,4470,359,23,12,"Swabian Alp","E"," middle slope"," silt"," para-brown earth ",868,50,8,12,0.075
"305",-1250,630,2417,0,36.5,4697,369,20,12,"Swabian Alp","plateau"," plain, plateau "," silt"," brown (forest) soil  ",895,133,0,13,0.2
"306",-1200,691,2421,0,55,5639,333,25,10,"Swabian Alp","S-W"," middle slope"," sand"," pelosol",780,57,8,4,0.15
"307",-1214,663,2401,0,52,5964,343,22,12,"Swabian Alp","S-W"," middle slope"," sand"," pelosol",780,57,8,4,0.15
"308",-1084,812,2546,0,43.5,4934,331,44,20,"around Stuttgart/Neckarland","S"," upper slope"," sand"," para-brown earth ",500,75,10,5,0.23
"309",-1078,849,2524,0,40.5,4937,340,48,21,"around Stuttgart/Neckarland","E"," valley bottom, dip"," silt"," brown (forest) soil  ",430,92,5,11,0.363636363636364
"310",-1077,859,2573,0,29,5270,352,52,26,"around Stuttgart/Neckarland","plateau"," plain, plateau "," silt"," para-brown earth ",410,66,0,5,0.26
"311",-1069,799,2562,0,36.5,5326,354,43,26,"around Stuttgart/Neckarland","N-W"," upper slope"," sand"," gley",530,35,5,8,0.09375
"312",-1058,804,2578,0,38,5478,345,44,24,"around Stuttgart/Neckarland","N-W"," middle slope"," sand"," brown (forest) soil  ",490,75,5,20,0.0975
"313",-810,937,2645,0,42.5,6167,328,74,36,"around Stuttgart/Neckarland","W"," lower slope"," silt"," brown (forest) soil  ",235,46,10,3,0.15
"314",-799,967,2654,0,38,6440,339,80,42,"around Stuttgart/Neckarland","W"," lower slope"," silt"," brown (forest) soil  ",235,46,10,3,0.15
"315",-784,940,2633,0,39.5,6447,334,75,37,"around Stuttgart/Neckarland","plateau"," plain, plateau "," silt"," para-brown earth ",255,35,0,14,0.392857142857143
"316",-826,884,2490,0,33.5,7729,361,59,28,"Oden Forest","E"," middle slope"," silt"," podsol",320,63,20,9,0.133333333333333
"317",-1016,828,2380,0,25,7059,361,35,15,"Donau, Lake of Konstanz","plateau"," plain, plateau "," sand"," para-brown earth ",500,35,0,8,0.0375
"318",-1256,634,2369,0,38,4943,366,21,12,"Swabian Alp","W"," lower slope"," silt"," rendzina soil",880,90,5,24,0.127083333333333
"319",-1074,844,2522,0,36,4804,355,42,18,"around Stuttgart/Neckarland","plateau"," valley bottom, dip"," silt"," para-brown earth ",475,60,0,21,0.316666666666667
"320",-1082,867,2552,0,34,4927,352,53,25,"around Stuttgart/Neckarland","S-E"," middle slope"," sand"," brown (forest) soil  ",430,50,5,24,0.127083333333333
"321",-1076,851,2590,0,36.5,5525,338,51,22,"around Stuttgart/Neckarland","N-W"," middle slope"," silt"," brown (forest) soil  ",455,115,18,20,0.2475
"322",-1070,796,2556,0,37,5502,363,42,24,"around Stuttgart/Neckarland","S"," upper slope"," sand"," brown (forest) soil  ",580,100,5,2,0.5
"323",-999,845,2674,0,39,5723,341,52,26,"around Stuttgart/Neckarland","N"," middle slope"," silt"," brown (forest) soil  ",460,64,10,18,0.183333333333333
"324",-920,886,2597,0,55,5962,331,58,28,"around Stuttgart/Neckarland","S-W"," middle slope"," silt"," para-brown earth ",400,45,15,8,0.175
"325",-860,957,2662,0,36,7049,353,84,49,"around Stuttgart/Neckarland","plateau"," plain, plateau "," silty clay"," para-brown earth ",240,19,0,24,0.0333333333333333
"326",-856,912,2565,0,22,7228,383,73,45,"Oden Forest","E"," lower slope"," sand"," brown (forest) soil  ",160,45,55,6,0.191666666666667
"327",-828,931,2634,0,18,7058,394,75,47,"Oden Forest","E"," lower slope"," sand"," brown (forest) soil  ",160,45,55,6,0.191666666666667
"328",-891,802,2799,0,43,7965,345,51,25,"Oden Forest","N-E"," middle slope"," sand"," brown (forest) soil  ",390,138,20,14,0.167857142857143
"329",-923,864,2464,0,34.5,7597,357,60,29,"Oden Forest","N-E"," middle slope"," sand"," brown (forest) soil  ",390,138,20,14,0.167857142857143
"330",-975,853,2637,0,24,6551,356,63,29,"Donau, Lake of Konstanz","S"," middle slope"," silt"," para-brown earth ",440,23,31,13,0.0230769230769231
"331",-1103,753,2373,0,30,6031,348,34,16,"Donau, Lake of Konstanz","plateau"," plain, plateau "," sand"," brown (forest) soil  ",600,35,0,16,0.04375
"332",-1145,733,2428,0,27,4860,357,35,17,"Donau, Lake of Konstanz","S"," upper slope"," silt"," rendzina soil",730,60,5,24,0.129166666666667
"333",-1271,618,2279,0,51.5,5864,353,16,10,"Swabian Alp","S-W"," lower slope"," clay","terra calcis",880,109,10,19,0.176315789473684
"334",-1236,655,2336,0,58.5,5849,333,20,11,"Swabian Alp","W"," valley bottom, dip"," silt"," brown (forest) soil  ",860,71,0,23,0.0891304347826087
"335",-1208,691,2315,0,62.5,5679,324,20,9,"Swabian Alp","E"," valley bottom, dip"," clay"," rendzina soil",760,119,28,6,0.225
"336",-1182,722,2386,0,61.5,5431,323,24,9,"Swabian Alp","E"," valley bottom, dip"," clay"," rendzina soil",760,119,28,6,0.225
"337",-1081,859,2556,0,42.5,5312,332,50,21,"around Stuttgart/Neckarland","N"," upper slope"," silt"," gley",410,82,6,13,0.134615384615385
"338",-1056,879,2599,0,35,5846,349,56,27,"around Stuttgart/Neckarland","plateau"," valley bottom, dip"," silt"," para-brown earth ",450,94,0,24,0.220833333333333
"339",-990,852,2663,0,39.5,5790,347,51,27,"around Stuttgart/Neckarland","E"," lower slope"," sand"," gley",460,77,15,15,0.243333333333333
"340",-987,859,2663,0,39,5795,352,54,28,"around Stuttgart/Neckarland","E"," lower slope"," sand"," gley",460,77,15,15,0.243333333333333
"341",-1036,800,2582,0,29.5,6549,333,54,28,"Donau, Lake of Konstanz","S"," middle slope"," silt"," para-brown earth ",630,90,25,5,0.28
"342",-1188,693,2396,0,31,4803,358,28,13,"Swabian Alp","plateau"," plain, plateau "," silt"," rendzina soil",700,90,0,23,0.169565217391304
"343",-1170,711,2392,0,23,5352,388,27,14,"Swabian Alp","S-W"," lower slope"," silt"," rendzina soil",710,130,25,3,0.433333333333333
"344",-1230,667,2293,0,46,5644,338,19,10,"Swabian Alp","N-E"," middle slope"," silt"," rendzina soil",820,84,5,21,0.111904761904762
"345",-1237,646,2358,0,54.5,5910,346,19,11,"Swabian Alp","plateau"," upper slope"," silt"," rendzina soil",900,94,0,2,0.275
"346",-1023,900,2601,0,24,6068,389,63,36,"around Stuttgart/Neckarland","S-E"," middle slope"," silt"," brown (forest) soil  ",400,110,5,5,0.26
"347",-1025,898,2693,0,22,6060,394,60,34,"around Stuttgart/Neckarland","S-E"," middle slope"," silt"," brown (forest) soil  ",400,110,5,5,0.26
"348",-997,881,2596,0,31,5867,373,57,32,"around Stuttgart/Neckarland","S"," middle slope"," sand"," podsol",460,50,25,1,0.15
"349",-859,985,2725,0,12,6539,421,89,57,"around Stuttgart/Neckarland","plateau"," plain, plateau "," silt"," para-brown earth ",200,59,0,11,0.281818181818182
"350",-808,958,2679,0,26.5,6640,368,81,48,"around Stuttgart/Neckarland","N"," middle slope"," silt"," para-brown earth ",225,29,15,1,0.05
"351",-1021,823,2480,0,32.5,6875,333,50,23,"Donau, Lake of Konstanz","S-W"," middle slope"," silt"," para-brown earth ",600,105,15,20,0.16
"352",-1061,790,2387,0,32.5,6997,341,41,16,"Donau, Lake of Konstanz","plateau"," valley bottom, dip"," silt"," brown (forest) soil  ",600,60,0,18,0.127777777777778
"353",-1073,769,2469,0,37,7127,348,27,12,"Donau, Lake of Konstanz","plateau"," valley bottom, dip"," silt"," brown (forest) soil  ",600,60,0,18,0.127777777777778
"354",-1132,750,2326,0,32,6255,356,34,13,"Donau, Lake of Konstanz","S-W"," plain, plateau "," silt"," para-brown earth ",500,27,3,24,0.0520833333333333
"355",-1132,730,2367,0,31.5,6272,356,37,15,"Donau, Lake of Konstanz","S-W"," plain, plateau "," silt"," para-brown earth ",500,27,3,24,0.0520833333333333
"356",-1198,683,2350,0,29,5423,365,23,11,"Swabian Alp","S"," upper slope"," silt"," rendzina soil",770,130,45,3,0.283333333333333
"357",-1201,678,2349,0,30.5,5457,366,22,12,"Swabian Alp","S"," upper slope"," silt"," rendzina soil",770,130,45,3,0.283333333333333
"358",-1200,692,2359,0,56,5422,341,23,12,"Swabian Alp","E"," middle slope"," sand"," brown (forest) soil  ",805,20,6,24,0.0958333333333333
"359",-1061,835,2545,0,48.5,5459,333,42,23,"around Stuttgart/Neckarland","N"," middle slope"," sand"," brown (forest) soil  ",500,105,6,1,0.25
"360",-1040,940,2677,0,33,5585,364,63,31,"around Stuttgart/Neckarland","N-W"," middle slope"," silt"," brown (forest) soil  ",360,98,8,24,0.15625
"361",-1045,760,2570,0,58,6894,322,37,17,"Oden Forest","plateau"," plain, plateau "," silt"," gley",520,55,0,13,0.207692307692308
"362",-1048,755,2574,0,58.5,6830,322,36,16,"Oden Forest","plateau"," plain, plateau "," silt"," gley",520,55,0,13,0.207692307692308
"363",-1051,819,2546,0,28,6517,350,55,24,"Donau, Lake of Konstanz","S"," lower slope"," silt"," para-brown earth ",520,55,35,23,0.139130434782609
"364",-1101,772,2447,0,26.5,6659,363,32,13,"Donau, Lake of Konstanz","N"," lower slope"," sand"," para-brown earth ",560,65,35,23,0.158695652173913
"365",-1176,709,2318,0,37,5289,345,26,12,"Swabian Alp","plateau"," plain, plateau "," sand"," rendzina soil",700,34,0,19,0.0868421052631579
"366",-1152,729,2375,0,26,5232,370,27,15,"Swabian Alp","N-E"," middle slope"," silt"," rendzina soil",690,35,45,22,0.161363636363636
"367",-1168,692,2391,0,25.5,5193,374,22,10,"Swabian Alp","N-E"," middle slope"," silt"," rendzina soil",690,35,45,22,0.161363636363636
"368",-1178,704,2298,0,40.5,5189,345,23,11,"Swabian Alp","S-E"," middle slope"," silt"," rendzina soil",680,35,16,24,0.147916666666667
"369",-1152,726,2477,0,38,5130,351,30,16,"Swabian Alp","S-E"," middle slope"," silt"," rendzina soil",680,35,16,24,0.147916666666667
"370",-846,995,2698,0,10.5,5942,429,87,53,"around Stuttgart/Neckarland","N-W"," plain, plateau "," sand"," para-brown earth ",207,72,0,10,0.22
"371",-869,932,2671,0,40.5,5919,347,76,37,"around Stuttgart/Neckarland","plateau"," plain, plateau "," silty clay"," para-brown earth ",310,64,0,13,0.219230769230769
"372",-869,933,2669,0,39.5,5920,348,76,37,"around Stuttgart/Neckarland","plateau"," plain, plateau "," silty clay"," para-brown earth ",310,64,0,13,0.219230769230769
"373",-935,883,2607,0,26,8262,369,66,31,"Oden Forest","S"," middle slope"," silt"," brown (forest) soil  ",310,68,7,6,0.225
"374",-1130,748,2341,0,34.5,7015,356,37,15,"Donau, Lake of Konstanz","plateau"," plain, plateau "," highmoor peat"," brown soil ",670,27,0,24,0.0604166666666667
"375",-1166,734,2328,0,27.5,5065,371,30,12,"Donau, Lake of Konstanz","W"," plain, plateau "," silt"," para-brown earth ",630,55,2,24,0.114583333333333
"376",-1168,726,2315,0,28,5147,370,30,12,"Donau, Lake of Konstanz","W"," plain, plateau "," silt"," para-brown earth ",630,55,2,24,0.114583333333333
"377",-1168,733,2328,0,22.5,4954,387,30,15,"Donau, Lake of Konstanz","plateau"," plain, plateau "," silt"," para-brown earth ",635,35,0,24,0.0958333333333333
"378",-1165,735,2335,0,21,4962,387,30,15,"Donau, Lake of Konstanz","plateau"," plain, plateau "," clay"," para-brown earth ",630,60,0,10,0.08
"379",-1175,711,2349,0,39,5177,352,27,12,"Swabian Alp","S-E"," upper slope"," clay"," rendzina soil",690,75,10,24,0.127083333333333
"380",-1197,675,2315,0,34.5,5505,349,21,9,"Swabian Alp","N-W"," upper slope"," silt"," para-brown earth ",780,35,10,24,0.120833333333333
"381",-1185,689,2383,0,35.5,5334,348,25,13,"Swabian Alp","plateau"," plain, plateau "," sand"," para-brown earth ",765,30,0,21,0.0785714285714286
"382",-823,947,2698,0,30.5,5549,348,86,42,"around Stuttgart/Neckarland","N-W"," middle slope"," sand"," para-brown earth ",250,40,4,3,0.2
"383",-819,940,2707,0,41,5495,343,85,42,"around Stuttgart/Neckarland","N-W"," middle slope"," sand"," para-brown earth ",250,40,4,3,0.2
"384",-1006,764,2589,0,54,5834,320,42,18,"Oden Forest","S-E"," upper slope"," sand"," brown (forest) soil  ",460,75,6,8,0.3
"385",-1006,871,2592,0,27,5301,345,62,27,"Donau, Lake of Konstanz","plateau"," middle slope"," silt"," brown (forest) soil  ",530,60,5,2,0.3
"386",-1097,765,2505,0,29,8017,361,48,21,"Donau, Lake of Konstanz","plateau"," valley bottom, dip"," silt"," para-brown earth ",720,85,0,24,0.152083333333333
"387",-1139,717,2405,0,30.5,8019,360,41,16,"Donau, Lake of Konstanz","plateau"," plain, plateau "," silt"," para-brown earth ",740,90,0,22,0.179545454545455
"388",-1147,723,2330,0,32,7052,356,36,14,"Donau, Lake of Konstanz","E"," lower slope"," sand"," para-brown earth ",680,85,20,20,0.24
"389",-1156,722,2319,0,26,6485,379,34,14,"Donau, Lake of Konstanz","plateau"," plain, plateau "," silt"," para-brown earth ",655,45,0,24,0.0854166666666667
"390",-1185,695,2434,0,25,5410,379,25,14,"Swabian Alp","S"," middle slope"," clay","terra calcis",810,55,4,23,0.191304347826087
"391",-1189,672,2273,0,22.5,5350,385,23,12,"Swabian Alp","plateau"," plain, plateau "," sand"," para-brown earth ",775,28,0,24,0.116666666666667
"392",-1154,696,2432,0,46.5,4952,330,21,11,"Swabian Alp","S-E"," plain, plateau "," clay"," brown (forest) soil  ",730,138,5,2,0.35
"393",-1133,705,2412,0,49,4888,334,25,12,"Swabian Alp","N"," middle slope"," clay"," rendzina soil",750,103,27,2,0.225
"394",-1151,673,2375,0,46.5,4898,334,20,10,"Swabian Alp","N"," middle slope"," clay"," rendzina soil",750,103,27,2,0.225
"395",-880,921,2571,0,28,5424,361,73,38,"around Stuttgart/Neckarland","E"," middle slope"," silty clay"," para-brown earth ",290,42,6,18,0.166666666666667
"396",-871,900,2626,0,38,5179,342,76,36,"around Stuttgart/Neckarland","N"," upper slope"," silty clay"," para-brown earth ",300,85,3,1,0.2
"397",-934,884,2676,0,42.5,7483,340,66,29,"around Stuttgart/Neckarland","S-W"," middle slope"," silt"," brown (forest) soil  ",310,38,15,20,0.1075
"398",-2330,748,2639,0,43,5741,340,51,17,"Oden Forest","N-E"," lower slope"," silty clay"," brown (forest) soil  ",240,80,35,11,0.281818181818182
"399",-1059,832,2631,0,29,6346,342,57,30,"Donau, Lake of Konstanz","S"," middle slope"," sand"," para-brown earth ",650,80,30,21,0.114285714285714
"400",-1053,829,2643,0,29.5,6373,340,58,31,"Donau, Lake of Konstanz","S"," middle slope"," sand"," para-brown earth ",650,80,30,21,0.114285714285714
"401",-1134,758,2403,0,31,6307,367,43,15,"Donau, Lake of Konstanz","plateau"," plain, plateau "," silt"," gley",610,95,0,23,0.25
"402",-1136,737,2352,0,17,4595,402,32,16,"Donau, Lake of Konstanz","N-W"," upper slope"," silt"," pelosol",580,80,4,24,0.220833333333333
"403",-1170,707,2328,0,24,5303,378,26,13,"Swabian Alp","plateau"," plain, plateau "," clay"," rendzina soil",730,25,0,24,0.0458333333333333
"404",-932,867,2543,0,56.5,4660,330,54,27,"around Stuttgart/Neckarland","W"," plain, plateau "," sand"," brown (forest) soil  ",435,79,5,4,0.2125
"405",-935,872,2616,0,57,4783,324,53,27,"around Stuttgart/Neckarland","W"," plain, plateau "," sand"," brown (forest) soil  ",435,79,5,4,0.2125
"406",-920,898,2749,0,14.5,7577,411,67,42,"around Stuttgart/Neckarland","N-E"," middle slope"," clay"," brown (forest) soil  ",250,40,25,7,0.0571428571428571
"407",-1030,789,2550,0,42,5245,340,45,23,"Oden Forest","plateau"," plain, plateau "," silt"," brown (forest) soil  ",416,67,0,16,0.2625
"408",-1013,740,2604,0,46,5749,322,46,17,"Oden Forest","N-E"," middle slope"," silty clay"," brown (forest) soil  ",330,82,15,14,0.228571428571429
"409",-1026,879,2646,0,24,6231,347,63,32,"Donau, Lake of Konstanz","N-E"," plain, plateau "," silt"," para-brown earth ",434,60,5,21,0.080952380952381
"410",-1015,865,2641,0,33.5,6655,332,61,35,"Donau, Lake of Konstanz","S"," middle slope"," sand"," para-brown earth ",560,20,30,23,0.0434782608695652
"411",-1131,696,2417,0,42.5,4787,332,29,12,"Swabian Alp","N-W"," middle slope"," clay"," brown (forest) soil  ",680,30,35,24,0.0666666666666667
"412",-919,898,2650,0,57,4617,333,62,30,"around Stuttgart/Neckarland","E"," middle slope"," silt"," brown (forest) soil  ",430,26,15,3,0.1
"413",-933,868,2527,0,55,4907,326,56,28,"around Stuttgart/Neckarland","E"," middle slope"," sand"," brown (forest) soil  ",400,92,40,4,0.2875
"414",-921,862,2520,0,34,5513,371,56,29,"around Stuttgart/Neckarland","N"," middle slope"," sand"," brown (forest) soil  ",360,90,3,15,0.346666666666667
"415",-1013,810,2449,0,39.5,5002,347,49,22,"around Stuttgart/Neckarland","N"," middle slope"," sand"," brown (forest) soil  ",410,80,25,20,0.1625
"416",-1002,818,2454,0,40,5048,347,50,23,"around Stuttgart/Neckarland","N"," middle slope"," sand"," brown (forest) soil  ",410,80,25,20,0.1625
"417",-970,879,2634,0,21.5,7160,371,57,31,"around Stuttgart/Neckarland","N-E"," upper slope"," clay"," brown (forest) soil  ",290,80,30,18,0.177777777777778
"418",-1026,875,2665,0,31,6365,330,65,31,"Donau, Lake of Konstanz","S-E"," middle slope"," silt"," brown (forest) soil  ",540,100,20,12,0.15
"419",-1119,730,2534,0,30,5310,351,32,17,"Swabian Alp","S-W"," middle slope"," clay"," rendzina soil",670,97,70,17,0.370588235294118
"420",-1135,675,2604,0,33,5067,339,34,15,"Swabian Alp","plateau"," middle slope"," silt"," rendzina soil",670,32,47,21,0.0976190476190476
"421",-1150,689,2448,0,47,5492,334,25,13,"Swabian Alp","W"," upper slope"," clay"," rendzina soil",750,30,40,24,0.1
"422",-923,884,2509,0,43,4999,344,56,27,"around Stuttgart/Neckarland","E"," valley bottom, dip"," sand"," brown soil ",315,45,5,6,0.166666666666667
"423",-934,846,2459,0,52.5,5312,327,50,24,"around Stuttgart/Neckarland","S-W"," valley bottom, dip"," sand"," brown (forest) soil  ",400,121,30,6,0.225
"424",-939,829,2437,0,55,5416,323,48,23,"around Stuttgart/Neckarland","S-W"," valley bottom, dip"," sand"," brown (forest) soil  ",400,121,30,6,0.225
"425",-941,830,2494,0,30,5610,384,48,26,"around Stuttgart/Neckarland","N-E"," valley bottom, dip"," sand"," brown (forest) soil  ",380,116,50,2,0.3
"426",-996,771,2435,0,56.5,4916,337,40,22,"around Stuttgart/Neckarland","plateau"," plain, plateau "," silt"," para-brown earth ",560,100,5,24,0.266666666666667
"427",-925,898,2663,0,42,6792,330,67,32,"around Stuttgart/Neckarland","S-E"," lower slope"," silt"," brown (forest) soil  ",310,16,25,19,0
"428",-981,885,2558,0,21,5650,370,53,26,"Oden Forest","E"," lower slope"," silt"," brown (forest) soil  ",240,25,15,5,0.02
"429",-1099,787,2464,0,26,6154,375,46,19,"Donau, Lake of Konstanz","plateau"," plain, plateau "," silt"," para-brown earth ",590,90,0,24,0.26875
"430",-1108,744,2394,0,31,5313,352,32,14,"Donau, Lake of Konstanz","plateau"," plain, plateau "," sand"," para-brown earth ",625,100,0,22,0.204545454545455
"431",-1096,753,2448,0,26,4648,341,37,15,"Donau, Lake of Konstanz","plateau"," plain, plateau "," sand"," para-brown earth ",580,95,0,18,0.3
"432",-1153,689,2472,0,41,5455,340,26,13,"Swabian Alp","W"," middle slope"," clay","terra calcis",750,95,10,23,0.202173913043478
"433",-1155,696,2593,0,41.5,6625,343,30,18,"Swabian Alp","plateau"," plain, plateau "," silt"," brown (forest) soil  ",785,70,0,4,0.2
"434",-903,927,2759,0,43,4862,352,70,34,"around Stuttgart/Neckarland","plateau"," plain, plateau "," silty clay"," para-brown earth ",365,50,0,6,0.25
"435",-923,890,2937,0,38,5227,353,70,36,"around Stuttgart/Neckarland","N-E"," valley bottom, dip"," silt"," brown (forest) soil  ",385,100,30,1,0.2
"436",-920,865,2578,0,27.5,5761,384,59,32,"around Stuttgart/Neckarland","N"," valley bottom, dip"," sand"," brown (forest) soil  ",320,90,60,12,0.245833333333333
"437",-928,851,2692,0,33,5889,363,55,31,"around Stuttgart/Neckarland","N"," valley bottom, dip"," sand"," brown (forest) soil  ",320,90,60,12,0.245833333333333
"438",-945,808,2589,0,44.5,5910,348,47,25,"around Stuttgart/Neckarland","N-W"," middle slope"," sand"," brown (forest) soil  ",460,48,55,22,0.195454545454545
"439",-947,790,2449,0,55,5852,349,43,22,"around Stuttgart/Neckarland","N-W"," upper slope"," sand"," brown (forest) soil  ",477,90,7,15,0.326666666666667
"440",-962,826,2534,0,41,5061,346,50,25,"around Stuttgart/Neckarland","N"," upper slope"," clay"," brown (forest) soil  ",420,20,10,14,0.025
"441",-1097,756,2366,0,28,4431,334,35,16,"Donau, Lake of Konstanz","plateau"," middle slope"," silt"," brown (forest) soil  ",560,25,3,24,0.0625
"442",-1100,737,2468,0,41,4879,344,31,15,"Swabian Alp","plateau"," plain, plateau "," clay"," rendzina soil",670,120,0,4,0.425
"443",-1177,673,2545,0,50.5,5514,327,29,14,"Swabian Alp","W"," middle slope"," silt"," para-brown earth ",820,31,5,22,0.0681818181818182
"444",-908,887,2693,0,40.5,5548,355,60,33,"around Stuttgart/Neckarland","E"," valley bottom, dip"," silt"," brown (forest) soil  ",450,20,30,24,0.0729166666666667
"445",-914,869,2732,0,37.5,5780,359,58,32,"around Stuttgart/Neckarland","E"," valley bottom, dip"," silt"," brown (forest) soil  ",450,20,30,24,0.0729166666666667
"446",-921,867,2454,0,34.5,5585,364,53,27,"around Stuttgart/Neckarland","W"," middle slope"," sand"," brown (forest) soil  ",370,80,50,5,0.28
"447",-921,860,2581,0,34.5,5530,365,56,30,"around Stuttgart/Neckarland","W"," middle slope"," sand"," brown (forest) soil  ",370,80,50,5,0.28
"448",-942,808,2652,0,49.5,5529,325,52,26,"around Stuttgart/Neckarland","N-W"," lower slope"," silt"," brown (forest) soil  ",450,55,60,22,0.122727272727273
"449",-937,835,2471,0,30.5,5622,376,52,27,"around Stuttgart/Neckarland","N-W"," valley bottom, dip"," silt"," brown (forest) soil  ",365,110,65,11,0.272727272727273
"450",-979,809,2546,0,51.5,5197,344,47,25,"around Stuttgart/Neckarland","plateau"," plain, plateau "," silt"," podsol",470,50,0,14,0.117857142857143
"451",-926,843,2693,0,31,5639,387,62,30,"around Stuttgart/Neckarland","N-W"," lower slope"," sand"," brown (forest) soil  ",335,36,9,20,0.1475
"452",-943,868,2616,0,25,5544,393,62,29,"around Stuttgart/Neckarland","N-W"," lower slope"," sand"," brown (forest) soil  ",335,36,9,20,0.1475
"453",-984,844,2555,0,29.5,5907,345,44,21,"around Stuttgart/Neckarland","E"," upper slope"," silt"," rendzina soil",340,90,30,5,0.33
"454",-1089,797,2471,0,29.5,6552,362,45,19,"Donau, Lake of Konstanz","N-W"," middle slope"," clay"," gley",560,70,15,24,0.272916666666667
"455",-1085,758,2439,0,27,5074,340,38,16,"Donau, Lake of Konstanz","plateau"," plain, plateau "," highmoor peat"," brown soil ",580,25,0,24,0.0875
"456",-1112,727,2547,0,47.5,5032,339,33,17,"Swabian Alp","S"," plain, plateau "," clay"," brown (forest) soil  ",720,90,10,3,0.233333333333333
"457",-1136,711,2537,0,47,5061,341,32,17,"Swabian Alp","plateau"," plain, plateau "," silt"," brown (forest) soil  ",740,60,0,24,0.0625
"458",-944,821,2504,0,44,5582,339,50,24,"around Stuttgart/Neckarland","S-W"," middle slope"," sand"," brown (forest) soil  ",465,95,50,6,0.308333333333333
"459",-971,839,2607,0,49.5,5416,323,55,24,"around Stuttgart/Neckarland","N"," upper slope"," silt"," brown (forest) soil  ",380,35,20,9,0.15
"460",-976,822,2607,0,49,5376,321,51,21,"around Stuttgart/Neckarland","N"," upper slope"," silt"," brown (forest) soil  ",380,35,20,9,0.15
"461",-1094,768,2487,0,45.5,5915,354,47,26,"Donau, Lake of Konstanz","plateau"," plain, plateau "," pebble"," brown (forest) soil  ",650,45,0,24,0.0583333333333333
"462",-1098,749,2490,0,46.5,5886,355,48,27,"Donau, Lake of Konstanz","plateau"," plain, plateau "," pebble"," brown (forest) soil  ",650,45,0,24,0.0583333333333333
"463",-1095,831,2506,0,29,6160,338,52,26,"Donau, Lake of Konstanz","plateau"," valley bottom, dip"," silt"," brown soil ",500,60,0,1,0.25
"464",-1098,781,2471,0,35,7107,339,46,24,"Donau, Lake of Konstanz","plateau"," plain, plateau "," clay"," gley",587,60,0,14,0.303571428571429
"465",-1083,760,2441,0,27,5092,347,39,17,"Donau, Lake of Konstanz","plateau"," plain, plateau "," silt"," brown (forest) soil  ",540,73,0,24,0.233333333333333
"466",-1101,734,2559,0,47.5,5039,343,37,20,"Swabian Alp","plateau"," upper slope"," clay"," rendzina soil",730,22,9,2,0.15
"467",-1113,740,2560,0,35,4664,368,36,21,"Swabian Alp","plateau"," upper slope"," clay"," rendzina soil",710,30,0,12,0.0541666666666667
"468",-1097,760,2568,0,32,4612,379,40,22,"Swabian Alp","plateau"," upper slope"," clay"," rendzina soil",710,30,0,12,0.0541666666666667
"469",-1154,706,2636,0,45,6632,330,34,18,"Swabian Alp","N-W"," upper slope"," clay","terra calcis",760,30,5,24,0.0666666666666667
"470",-936,819,2553,0,43,4832,334,53,28,"around Stuttgart/Neckarland","W"," lower slope"," silt"," brown (forest) soil  ",460,100,14,9,0.244444444444444
"471",-1048,864,2665,0,42.5,6004,356,57,32,"Donau, Lake of Konstanz","plateau"," plain, plateau "," silt"," para-brown earth ",500,35,0,14,0.196428571428571
"472",-1053,851,2617,0,51,5978,352,56,30,"Donau, Lake of Konstanz","plateau"," plain, plateau "," silt"," para-brown earth ",500,35,0,14,0.196428571428571
"473",-1076,817,2532,0,52,5967,353,53,27,"Donau, Lake of Konstanz","plateau"," plain, plateau "," silt"," para-brown earth ",550,85,0,24,0.272916666666667
"474",-1095,798,2496,0,51.5,6038,349,47,24,"Donau, Lake of Konstanz","plateau"," upper slope"," silt"," para-brown earth ",612,35,10,24,0.0166666666666667
"475",-1097,775,2490,0,52.5,6054,350,47,25,"Donau, Lake of Konstanz","plateau"," upper slope"," silt"," para-brown earth ",612,35,10,24,0.0166666666666667
"476",-1115,745,2460,0,42,7946,336,43,21,"Donau, Lake of Konstanz","W"," middle slope"," silt"," para-brown earth ",720,85,28,24,0.285416666666667
"477",-1090,767,2501,0,34.5,6664,342,40,18,"Donau, Lake of Konstanz","W"," upper slope"," silt"," brown (forest) soil  ",550,107,3,24,0.2875
"478",-1086,765,2438,0,28,5203,345,40,17,"Donau, Lake of Konstanz","N"," middle slope"," silt"," para-brown earth ",595,70,7,18,0.263888888888889
"479",-1109,736,2577,0,48,5122,330,37,21,"Swabian Alp","S"," middle slope"," clay","terra calcis",710,132,50,12,0.320833333333333
"480",-1097,749,2599,0,49,5146,329,37,21,"Swabian Alp","S"," middle slope"," clay","terra calcis",710,132,50,12,0.320833333333333
"481",-1123,735,2648,0,49.5,6940,329,36,19,"Swabian Alp","N-E"," lower slope"," clay"," brown (forest) soil  ",530,70,25,24,0.210416666666667
"482",-897,876,2646,0,32,4412,360,58,32,"around Stuttgart/Neckarland","W"," lower slope"," silt"," brown (forest) soil  ",355,70,24,10,0.19
"483",-969,815,2580,0,43.5,5555,342,52,28,"around Stuttgart/Neckarland","S-E"," upper slope"," sand"," brown (forest) soil  ",450,50,12,22,0.134090909090909
"484",-934,852,2623,0,25.5,5949,386,62,34,"around Stuttgart/Neckarland","S-E"," middle slope"," clay"," pelosol",380,85,45,24,0.239583333333333
"485",-994,818,2572,0,52,5102,330,47,19,"around Stuttgart/Neckarland","plateau"," plain, plateau "," clay"," brown (forest) soil  ",390,34,0,24,0.0604166666666667
"486",-1063,818,2554,0,48,5926,359,53,28,"Donau, Lake of Konstanz","S-W"," upper slope"," clay"," para-brown earth ",615,80,10,24,0.270833333333333
"487",-1124,737,2478,0,38,8301,338,40,20,"Donau, Lake of Konstanz","plateau"," plain, plateau "," silt"," para-brown earth ",680,85,0,22,0.3
"488",-1116,747,2434,0,34,5626,352,38,18,"Donau, Lake of Konstanz","S-E"," lower slope"," silt"," para-brown earth ",640,100,18,24,0.291666666666667
"489",-1093,770,2580,0,43,4730,334,42,21,"Swabian Alp","S-W"," middle slope"," clay","terra calcis",660,110,5,10,0.235
"490",-991,837,2615,0,43,5070,359,51,28,"around Stuttgart/Neckarland","plateau"," middle slope"," silt","terra calcis",470,25,18,16,0.275
"491",-990,836,2626,0,43,5082,358,51,28,"around Stuttgart/Neckarland","plateau"," middle slope"," silt","terra calcis",470,25,18,16,0.275
"492",-974,804,2611,0,44,5260,341,53,29,"around Stuttgart/Neckarland","N"," middle slope"," sand"," brown (forest) soil  ",470,110,9,21,0.283333333333333
"493",-966,809,2623,0,53,5458,337,50,27,"around Stuttgart/Neckarland","plateau"," plain, plateau "," sand"," brown (forest) soil  ",520,46,0,11,0.236363636363636
"494",-1005,812,2579,0,49.5,5243,326,47,18,"around Stuttgart/Neckarland","plateau"," plain, plateau "," clay"," brown (forest) soil  ",390,69,0,23,0.119565217391304
"495",-1007,812,2571,0,53,5166,329,46,18,"around Stuttgart/Neckarland","plateau"," plain, plateau "," clay"," brown (forest) soil  ",390,69,0,23,0.119565217391304
"496",-986,831,2576,0,27.5,5178,354,50,24,"around Stuttgart/Neckarland","W"," middle slope"," silt"," brown (forest) soil  ",325,20,14,13,0.0615384615384615
"497",-1125,742,2461,0,50,6867,323,41,19,"Donau, Lake of Konstanz","plateau"," plain, plateau "," highmoor peat"," brown soil ",650,20,0,24,0
"498",-1111,755,2564,0,35.5,5094,344,39,20,"Donau, Lake of Konstanz","S"," upper slope"," silt"," para-brown earth ",640,35,10,12,0.0291666666666667
"499",-1065,798,2584,0,16.5,4290,400,50,32,"around Stuttgart/Neckarland","plateau"," plain, plateau "," silt"," brown (forest) soil  ",540,118,0,24,0.31875
"500",-1075,775,2600,0,39,4359,353,42,22,"Swabian Alp","plateau"," plain, plateau "," silt"," brown (forest) soil  ",630,52,0,3,0.266666666666667
"501",-1093,759,2595,0,43,5028,328,44,20,"Swabian Alp","N-E"," plain, plateau "," silt"," brown (forest) soil  ",590,80,3,4,0.4125
"502",-1121,722,2615,0,55,5604,310,37,19,"Swabian Alp","N"," plain, plateau "," silt","terra calcis",680,80,1,18,0.313888888888889
"503",-982,818,2620,0,42.5,5200,346,53,30,"around Stuttgart/Neckarland","N"," middle slope"," sand"," brown (forest) soil  ",450,66,10,21,0.228571428571429
"504",-1004,813,2570,0,44,5190,334,49,22,"around Stuttgart/Neckarland","N"," plain, plateau "," silt"," brown (forest) soil  ",390,77,3,7,0.292857142857143
"505",-1013,805,2593,0,42,5134,334,47,21,"around Stuttgart/Neckarland","N"," plain, plateau "," silt"," brown (forest) soil  ",390,77,3,7,0.292857142857143
"506",-994,813,2552,0,46.5,5151,331,49,19,"around Stuttgart/Neckarland","plateau"," plain, plateau "," clay"," brown (forest) soil  ",390,25,0,12,0.120833333333333
"507",-994,820,2562,0,40,5153,337,48,20,"around Stuttgart/Neckarland","plateau"," plain, plateau "," clay"," brown (forest) soil  ",390,25,0,12,0.120833333333333
"508",-1127,744,2504,0,42,6158,344,38,18,"Donau, Lake of Konstanz","S"," middle slope"," silt"," brown (forest) soil  ",600,70,15,20,0.27
"509",-1176,733,2446,0,30.5,5543,367,38,20,"Donau, Lake of Konstanz","plateau"," plain, plateau "," silt"," gley",700,100,0,23,0.252173913043478
"510",-1109,765,2456,0,28.5,4526,350,45,22,"Donau, Lake of Konstanz","plateau"," valley bottom, dip"," silt"," gley",590,85,0,23,0.226086956521739
"511",-1096,779,2461,0,29,4370,345,45,20,"Donau, Lake of Konstanz","N-W"," valley bottom, dip"," pebble"," para-brown earth ",575,80,10,24,0.325
"512",-1069,814,2547,0,19,4164,380,49,28,"Swabian Alp","S"," lower slope"," clay"," para-brown earth ",520,76,25,14,0.335714285714286
"513",-1066,819,2547,0,17.5,4150,383,50,28,"Swabian Alp","S"," lower slope"," clay"," para-brown earth ",520,76,25,14,0.335714285714286
"514",-1142,707,2580,0,59.5,5420,312,29,13,"Swabian Alp","N"," upper slope"," silt"," brown (forest) soil  ",710,50,5,24,0.185416666666667
"515",-1106,688,2614,0,63.5,5610,322,29,14,"Swabian Alp","N"," upper slope"," silt","terra calcis",740,40,2,24,0.202083333333333
"516",-1105,684,2630,0,63.5,5517,318,29,13,"Swabian Alp","N"," upper slope"," silt","terra calcis",740,40,2,24,0.202083333333333
"517",-1001,807,2617,0,26,4255,379,55,33,"around Stuttgart/Neckarland","N-W"," valley bottom, dip"," clay"," pelosol",420,70,15,23,0.217391304347826
"518",-972,851,2645,0,18,5372,400,60,35,"around Stuttgart/Neckarland","W"," middle slope"," silt"," brown (forest) soil  ",420,126,27,12,0.4625
"519",-1010,814,2813,0,24,5205,377,48,25,"around Stuttgart/Neckarland","N"," middle slope"," clay"," rendzina soil",385,100,47,8,0.29375
"520",-1092,760,2539,0,54.5,5838,353,45,22,"Donau, Lake of Konstanz","S"," upper slope"," silt"," para-brown earth ",690,87,18,18,0.205555555555556
"521",-1162,737,2441,0,30,4811,367,39,20,"Donau, Lake of Konstanz","plateau"," plain, plateau "," silt"," gley",650,75,0,17,0.241176470588235
"522",-1093,788,2473,0,30.5,4381,345,49,21,"Donau, Lake of Konstanz","plateau"," plain, plateau "," silt"," brown (forest) soil  ",560,30,0,22,0.0204545454545455
"523",-1122,737,2549,0,43,4895,324,34,17,"Swabian Alp","N-E"," middle slope"," silt","terra calcis",620,60,15,17,0.270588235294118
"524",-1192,719,2523,0,56,5174,310,34,17,"Swabian Alp","S"," middle slope"," clay","terra calcis",645,90,3,24,0.216666666666667
"525",-1166,704,2516,0,63,5241,316,32,15,"Swabian Alp","N-W"," plain, plateau "," silt"," para-brown earth ",665,60,5,24,0.21875
"526",-1104,693,2546,0,70,5412,328,29,13,"Swabian Alp","plateau"," plain, plateau "," silt"," brown (forest) soil  ",720,40,0,24,0.222916666666667
"527",-1021,818,2606,0,33.5,4269,362,49,28,"around Stuttgart/Neckarland","S-W"," plain, plateau "," silt"," para-brown earth ",455,100,15,10,0.28
"528",-1021,808,2627,0,37.5,4934,355,53,27,"around Stuttgart/Neckarland","N"," middle slope"," sand"," brown (forest) soil  ",460,30,16,1,0.4
"529",-1212,722,2445,0,56,6051,330,35,15,"Donau, Lake of Konstanz","plateau"," plain, plateau "," silt"," brown (forest) soil  ",705,100,0,22,0.240909090909091
"530",-1235,713,2448,0,39,6513,342,36,15,"Donau, Lake of Konstanz","plateau"," plain, plateau "," silt"," para-brown earth ",735,40,0,22,0.0204545454545455
"531",-1224,714,2448,0,39,6505,342,36,15,"Donau, Lake of Konstanz","plateau"," plain, plateau "," silt"," para-brown earth ",735,40,0,22,0.0204545454545455
"532",-1128,778,2502,0,42,4292,327,44,20,"Donau, Lake of Konstanz","S-E"," lower slope"," silt"," brown (forest) soil  ",620,70,21,9,0.25
"533",-1119,781,2475,0,29,4389,346,47,20,"Donau, Lake of Konstanz","W"," lower slope"," silt"," para-brown earth ",600,50,3,22,0.211363636363636
"534",-1119,779,2481,0,30.5,4368,343,48,20,"Donau, Lake of Konstanz","W"," lower slope"," silt"," para-brown earth ",600,50,3,22,0.211363636363636
"535",-1109,784,2487,0,34,4654,337,50,25,"Donau, Lake of Konstanz","plateau"," middle slope"," silt"," brown (forest) soil  ",560,85,5,24,0.2375
"536",-1066,799,2429,0,31,4285,337,49,22,"Donau, Lake of Konstanz","plateau"," plain, plateau "," silt"," para-brown earth ",530,125,0,15,0.333333333333333
"537",-1065,797,2457,0,31.5,4391,343,50,23,"Donau, Lake of Konstanz","plateau"," plain, plateau "," silt"," para-brown earth ",530,125,0,15,0.333333333333333
"538",-1138,723,2510,0,38,4905,331,33,18,"Swabian Alp","E"," middle slope"," clay"," brown (forest) soil  ",620,48,40,1,0.2
"539",-1134,727,2520,0,36.5,4811,332,36,18,"Swabian Alp","E"," middle slope"," clay"," brown (forest) soil  ",620,48,40,1,0.2
"540",-1142,632,3306,0,53,4964,314,36,15,"Swabian Alp","N"," lower slope"," clay","terra calcis",580,95,32,23,0.306521739130435
"541",-1167,718,2500,0,63,5142,317,33,16,"Swabian Alp","S"," plain, plateau "," silt"," para-brown earth ",650,40,3,24,0.0625
"542",-1031,783,2599,0,50,4705,337,40,21,"around Stuttgart/Neckarland","W"," upper slope"," silt"," brown (forest) soil  ",540,51,27,22,0.261363636363636
"543",-1060,779,2590,0,36,4595,358,41,19,"around Stuttgart/Neckarland","W"," middle slope"," clay"," brown (forest) soil  ",480,110,7,2,0.15
"544",-1058,787,2585,0,34.5,4723,360,43,21,"around Stuttgart/Neckarland","W"," middle slope"," clay"," brown (forest) soil  ",480,110,7,2,0.15
"545",-968,854,2637,0,13,4948,410,53,28,"around Stuttgart/Neckarland","S-W"," upper slope"," silt"," brown (forest) soil  ",310,33,5,7,0.492857142857143
"546",-1321,710,2348,0,70,5730,333,32,15,"Donau, Lake of Konstanz","plateau"," valley bottom, dip"," silt"," brown soil ",720,40,0,23,0.308695652173913
"547",-1257,721,2394,0,66.5,5684,311,34,14,"Donau, Lake of Konstanz","plateau"," plain, plateau "," clay"," brown (forest) soil  ",700,90,0,24,0.258333333333333
"548",-1255,736,2487,0,55.5,5550,319,40,18,"Donau, Lake of Konstanz","N-E"," middle slope"," silt"," gley",680,100,27,18,0.169444444444444
"549",-1141,774,2466,0,44,4456,332,43,20,"Donau, Lake of Konstanz","E"," valley bottom, dip"," silt"," brown (forest) soil  ",560,110,18,24,0.30625
"550",-1134,787,2489,0,41,4132,331,48,21,"Donau, Lake of Konstanz","E"," upper slope"," silt"," brown (forest) soil  ",630,100,5,23,0.247826086956522
"551",-1102,785,2520,0,34,4695,338,48,20,"Donau, Lake of Konstanz","plateau"," plain, plateau "," sand"," brown (forest) soil  ",560,19,0,24,0.075
"552",-1092,763,2514,0,28,4071,348,39,20,"Swabian Alp","N"," middle slope"," silt"," brown (forest) soil  ",520,45,10,23,0.241304347826087
"553",-1176,709,2484,0,56.5,5051,318,30,14,"Swabian Alp","S"," plain, plateau "," silt"," para-brown earth ",680,30,3,22,0.05
"554",-1060,785,2544,0,33,4531,357,46,24,"around Stuttgart/Neckarland","N-E"," upper slope"," sand"," podsol",465,60,20,13,0.388461538461538
"555",-1855,628,2438,0,66,6073,366,15,9,"Donau, Lake of Konstanz","S"," middle slope"," silt"," brown (forest) soil  ",980,110,35,22,0.45
"556",-1189,716,2426,0,55.5,4820,327,29,14,"Swabian Alp","N-E"," plain, plateau "," clay","terra calcis",645,15,3,23,0.0260869565217391
"557",-1157,731,2444,0,63,4681,328,30,14,"Swabian Alp","N-W"," plain, plateau "," silt"," brown (forest) soil  ",640,20,0,1,0.1
"558",-1035,791,2684,0,41.5,4838,346,39,20,"around Stuttgart/Neckarland","N-E"," lower slope"," silt"," brown (forest) soil  ",510,25,25,24,0.102083333333333
"559",-1126,743,2436,0,17,4044,398,35,20,"Swabian Alp","plateau"," plain, plateau "," silt"," para-brown earth ",510,65,0,23,0.158695652173913
"560",-1227,699,2508,0,42,4753,321,31,14,"Swabian Alp","N"," middle slope"," silt"," brown (forest) soil  ",600,80,10,9,0.222222222222222
"561",-1245,721,2377,0,44,4767,325,32,15,"Swabian Alp","plateau"," plain, plateau "," silt"," brown (forest) soil  ",610,75,0,24,0.195833333333333
"562",-1075,799,2568,0,25,5070,387,43,23,"around Stuttgart/Neckarland","plateau"," plain, plateau "," silt"," brown (forest) soil  ",505,80,0,15,0.37
"563",-1068,778,2572,0,35,5046,358,39,21,"around Stuttgart/Neckarland","plateau"," plain, plateau "," silt"," brown (forest) soil  ",525,60,0,20,0.3575
"564",-1245,714,2359,0,42,4715,323,32,14,"Swabian Alp","S-E"," valley bottom, dip"," silt"," para-brown earth ",580,100,4,5,0.2
"565",-1233,733,2376,0,38,4811,334,32,15,"Swabian Alp","W"," upper slope"," silt"," rendzina soil",560,105,3,18,0.261111111111111
"566",-1174,740,2386,0,35,4640,350,32,15,"Swabian Alp","N"," upper slope"," silt","terra calcis",600,110,5,18,0.330555555555556
"567",-1087,803,2603,0,14.5,5699,409,47,29,"around Stuttgart/Neckarland","plateau"," plain, plateau "," highmoor peat"," brown soil ",460,40,0,5,0.15
"568",-1265,694,2732,0,29,4705,363,32,18,"Swabian Alp","N-W"," middle slope"," clay"," rendzina soil",500,80,30,22,0.290909090909091
"569",-1142,717,2363,0,31.5,4293,368,28,14,"Swabian Alp","S"," plain, plateau "," clay"," pelosol",630,45,3,19,0.176315789473684
"570",-1217,733,2361,0,31,4123,366,30,15,"Swabian Alp","E"," valley bottom, dip"," silt"," brown (forest) soil  ",570,115,6,16,0.2875
